ALTER SESSION SET CONTAINER = FREEPDB1;
ALTER SESSION SET CURRENT_SCHEMA = DRGYM;

Insert into USERS (USERNAME,NAME,SURNAME,EMAIL,PASSWORD,WEIGHT,HEIGHT,VERIFIED,FAVORITE_EXERCISE,AVATAR) values ('pedziwiatr','Michał','Pędziwiatr','michalpedziwiatrr@gmail.com','$2a$12$UHLvvdbnTRtDq94uOfOKHup.CFjrCl0dZJr9rHu7Tv/OTB0LOmHXG','90','192','1','4','#3300ff');
Insert into USERS (USERNAME,NAME,SURNAME,EMAIL,PASSWORD,WEIGHT,HEIGHT,VERIFIED,FAVORITE_EXERCISE,AVATAR) values ('skuter','Kacper','Siemionek','siemionek.kacper22@gmail.com','$2a$10$L7nm0NNb4RXhwmjF1agaTONPolIfuKqnt7LphbKYFriLUTLYUN1VW','75','175','1','12','#4b7fc4');
Insert into USERS (USERNAME,NAME,SURNAME,EMAIL,PASSWORD,WEIGHT,HEIGHT,VERIFIED,FAVORITE_EXERCISE,AVATAR) values ('mandrysz','Milosz','Andry','milosz@vveb.name','$2a$10$MrU2p.phXHz7EIwbDMj21.uMdUj2EsRQPUL7F6WKU9frYbPuER2JW',null,null,'1',null,null);
Insert into USERS (USERNAME,NAME,SURNAME,EMAIL,PASSWORD,WEIGHT,HEIGHT,VERIFIED,FAVORITE_EXERCISE,AVATAR) values ('milosz','Milosz','Andry','mandryszczuk2005@gmail.com','$2a$10$2ortaiqJbaNMwQDQleRWLuraWJp3SusxO80SY/JUA0geLW7zf9s/S','80','190','1',null,'#4b7fc4');

Insert into MUSCLES (MUSCLE_ID,MUSCLE_NAME) values ('1','trapezius');
Insert into MUSCLES (MUSCLE_ID,MUSCLE_NAME) values ('2','upper-back');
Insert into MUSCLES (MUSCLE_ID,MUSCLE_NAME) values ('3','lower-back');
Insert into MUSCLES (MUSCLE_ID,MUSCLE_NAME) values ('4','chest');
Insert into MUSCLES (MUSCLE_ID,MUSCLE_NAME) values ('5','biceps');
Insert into MUSCLES (MUSCLE_ID,MUSCLE_NAME) values ('6','triceps');
Insert into MUSCLES (MUSCLE_ID,MUSCLE_NAME) values ('7','forearm');
Insert into MUSCLES (MUSCLE_ID,MUSCLE_NAME) values ('8','back-deltoids');
Insert into MUSCLES (MUSCLE_ID,MUSCLE_NAME) values ('9','front-deltoids');
Insert into MUSCLES (MUSCLE_ID,MUSCLE_NAME) values ('10','abs');
Insert into MUSCLES (MUSCLE_ID,MUSCLE_NAME) values ('11','obliques');
Insert into MUSCLES (MUSCLE_ID,MUSCLE_NAME) values ('12','adductor');
Insert into MUSCLES (MUSCLE_ID,MUSCLE_NAME) values ('13','hamstring');
Insert into MUSCLES (MUSCLE_ID,MUSCLE_NAME) values ('14','quadriceps');
Insert into MUSCLES (MUSCLE_ID,MUSCLE_NAME) values ('15','abductors');
Insert into MUSCLES (MUSCLE_ID,MUSCLE_NAME) values ('16','calves');
Insert into MUSCLES (MUSCLE_ID,MUSCLE_NAME) values ('17','gluteal');
Insert into MUSCLES (MUSCLE_ID,MUSCLE_NAME) values ('18','head');
Insert into MUSCLES (MUSCLE_ID,MUSCLE_NAME) values ('19','neck');

Insert into EXERCISES (EXERCISE_ID, TYPE, KCAL_BURNED, NAME, VIDEO_ID) VALUES (1, 'S', 0, 'barbell bench press', 'EeE3f4VWFDo');
Insert into EXERCISES (EXERCISE_ID, TYPE, KCAL_BURNED, NAME, VIDEO_ID) VALUES (2, 'S', 0, 'dumbbell bench press', 'YQ2s_Y7g5Qk');
Insert into EXERCISES (EXERCISE_ID, TYPE, KCAL_BURNED, NAME, VIDEO_ID) VALUES (3, 'S', 0, 'barbell shoulder press', 'EeE3f4VWFDo');
Insert into EXERCISES (EXERCISE_ID, TYPE, KCAL_BURNED, NAME, VIDEO_ID) VALUES (4, 'S', 0, 'dumbbell shoulder press', 'HzIiNhHhhtA');
Insert into EXERCISES (EXERCISE_ID, TYPE, KCAL_BURNED, NAME, VIDEO_ID) VALUES (5, 'S', 0, 'dumbbell lateral raise', 'OuG1smZTsQQ');
Insert into EXERCISES (EXERCISE_ID, TYPE, KCAL_BURNED, NAME, VIDEO_ID) VALUES (6, 'S', 0, 'dumbbell chest fly', 'JFm8KbhjibM');
Insert into EXERCISES (EXERCISE_ID, TYPE, KCAL_BURNED, NAME, VIDEO_ID) VALUES (7, 'S', 0, 'dip', '4LA1kF7yCGo');
Insert into EXERCISES (EXERCISE_ID, TYPE, KCAL_BURNED, NAME, VIDEO_ID) VALUES (8, 'S', 0, 'cable tricep pushdown', '6Fzep104f0s');
Insert into EXERCISES (EXERCISE_ID, TYPE, KCAL_BURNED, NAME, VIDEO_ID) VALUES (9, 'S', 0, 'dumbbell frontal raise', 'hRJ6tR5-if0');
Insert into EXERCISES (EXERCISE_ID, TYPE, KCAL_BURNED, NAME, VIDEO_ID) VALUES (10, 'S', 0, 'dumbbell skull crushers', 'jPjhQ2hsAds');
Insert into EXERCISES (EXERCISE_ID, TYPE, KCAL_BURNED, NAME, VIDEO_ID) VALUES (11, 'S', 0, 'machine chest press', 'NwzUje3z0qY');
Insert into EXERCISES (EXERCISE_ID, TYPE, KCAL_BURNED, NAME, VIDEO_ID) VALUES (12, 'S', 0, 'machine shoulder press', 'WvLMauqrnK8');
Insert into EXERCISES (EXERCISE_ID, TYPE, KCAL_BURNED, NAME, VIDEO_ID) VALUES (13, 'S', 0, 'machine lateral raise', '0o07iGKUarI');
Insert into EXERCISES (EXERCISE_ID, TYPE, KCAL_BURNED, NAME, VIDEO_ID) VALUES (14, 'S', 0, 'machine tricep extension', 'Bx8ga1BLHLE');
Insert into EXERCISES (EXERCISE_ID, TYPE, KCAL_BURNED, NAME, VIDEO_ID) VALUES (15, 'S', 0, 'push up', 'mm6_WcoCVTA');
Insert into EXERCISES (EXERCISE_ID, TYPE, KCAL_BURNED, NAME, VIDEO_ID) VALUES (16, 'S', 0, 'incline barbell bench press', 'lJ2o89kcnxY');
Insert into EXERCISES (EXERCISE_ID, TYPE, KCAL_BURNED, NAME, VIDEO_ID) VALUES (17, 'S', 0, 'incline dumbbell bench press', '5CECBjd7HLQ');
Insert into EXERCISES (EXERCISE_ID, TYPE, KCAL_BURNED, NAME, VIDEO_ID) VALUES (18, 'S', 0, 'decline barbell bench press', 'UH3w618WAAc');
Insert into EXERCISES (EXERCISE_ID, TYPE, KCAL_BURNED, NAME, VIDEO_ID) VALUES (19, 'S', 0, 'decline dumbbell bench press', '4R_GwRhG0rY');
Insert into EXERCISES (EXERCISE_ID, TYPE, KCAL_BURNED, NAME, VIDEO_ID) VALUES (20, 'S', 0, 'machine chest fly', 'FDay9wFe5uE');
Insert into EXERCISES (EXERCISE_ID, TYPE, KCAL_BURNED, NAME, VIDEO_ID) VALUES (21, 'S', 0, 'barbell bicep curl', 'JnLFSFurrqQ');
Insert into EXERCISES (EXERCISE_ID, TYPE, KCAL_BURNED, NAME, VIDEO_ID) VALUES (22, 'S', 0, 'dumbbell bicep  curl', 'iixND1P2lik');
Insert into EXERCISES (EXERCISE_ID, TYPE, KCAL_BURNED, NAME, VIDEO_ID) VALUES (23, 'S', 0, 'bicep hammer curl', 'XOEL4MgekYE');
Insert into EXERCISES (EXERCISE_ID, TYPE, KCAL_BURNED, NAME, VIDEO_ID) VALUES (24, 'S', 0, 'machine bicep curl', 'Ja6ZlIDONac');
Insert into EXERCISES (EXERCISE_ID, TYPE, KCAL_BURNED, NAME, VIDEO_ID) VALUES (25, 'S', 0, 'machine bicep hammer curl', 'Ja6ZlIDONac');
Insert into EXERCISES (EXERCISE_ID, TYPE, KCAL_BURNED, NAME, VIDEO_ID) VALUES (26, 'S', 0, 'barbell row', '6FZHJGzMFEc');
Insert into EXERCISES (EXERCISE_ID, TYPE, KCAL_BURNED, NAME, VIDEO_ID) VALUES (27, 'S', 0, 'dumbbell row', 'DMo3HJoawrU');
Insert into EXERCISES (EXERCISE_ID, TYPE, KCAL_BURNED, NAME, VIDEO_ID) VALUES (28, 'S', 0, 'cable row', 'UCXxvVItLoM');
Insert into EXERCISES (EXERCISE_ID, TYPE, KCAL_BURNED, NAME, VIDEO_ID) VALUES (29, 'S', 0, 'pull up', 'GRgWPT9XSQQ');
Insert into EXERCISES (EXERCISE_ID, TYPE, KCAL_BURNED, NAME, VIDEO_ID) VALUES (30, 'S', 0, 'cable face pull', '-MODnZdnmAQ');
Insert into EXERCISES (EXERCISE_ID, TYPE, KCAL_BURNED, NAME, VIDEO_ID) VALUES (31, 'S', 0, 'chin up', '9JC1EwqezGY');
Insert into EXERCISES (EXERCISE_ID, TYPE, KCAL_BURNED, NAME, VIDEO_ID) VALUES (32, 'S', 0, 'dumbbell wrist curl', '2wPpcJBe03o');
Insert into EXERCISES (EXERCISE_ID, TYPE, KCAL_BURNED, NAME, VIDEO_ID) VALUES (33, 'S', 0, 'barbell wrist curl', 'lfQR7oVS8eo');
Insert into EXERCISES (EXERCISE_ID, TYPE, KCAL_BURNED, NAME, VIDEO_ID) VALUES (34, 'S', 0, 'dumbbell wrist extension', 'la-0c4ubkvs');
Insert into EXERCISES (EXERCISE_ID, TYPE, KCAL_BURNED, NAME, VIDEO_ID) VALUES (35, 'S', 0, 'barbell wrist extension', 'PMdkUNXrB9Q');
Insert into EXERCISES (EXERCISE_ID, TYPE, KCAL_BURNED, NAME, VIDEO_ID) VALUES (36, 'S', 0, 'barbell reverse curl', 'TUX58GM5fRQ');
Insert into EXERCISES (EXERCISE_ID, TYPE, KCAL_BURNED, NAME, VIDEO_ID) VALUES (37, 'S', 0, 'dumbbell reverse curl', 'hUA-fIpM7nA');
Insert into EXERCISES (EXERCISE_ID, TYPE, KCAL_BURNED, NAME, VIDEO_ID) VALUES (38, 'S', 0, 'back extension', '5_ejbGfdAQE');
Insert into EXERCISES (EXERCISE_ID, TYPE, KCAL_BURNED, NAME, VIDEO_ID) VALUES (39, 'S', 0, 'barbell squat', 'i7J5h7BJ07g');
Insert into EXERCISES (EXERCISE_ID, TYPE, KCAL_BURNED, NAME, VIDEO_ID) VALUES (40, 'S', 0, 'machine leg press', 'yZmx_Ac3880');
Insert into EXERCISES (EXERCISE_ID, TYPE, KCAL_BURNED, NAME, VIDEO_ID) VALUES (41, 'S', 0, 'machine horizontal leg press', 'ccTiGvrsUUY');
Insert into EXERCISES (EXERCISE_ID, TYPE, KCAL_BURNED, NAME, VIDEO_ID) VALUES (42, 'S', 0, 'hack squat', 'rYgNArpwE7E');
Insert into EXERCISES (EXERCISE_ID, TYPE, KCAL_BURNED, NAME, VIDEO_ID) VALUES (43, 'S', 0, 'machine leg extension', 'm0FOpMEgero');
Insert into EXERCISES (EXERCISE_ID, TYPE, KCAL_BURNED, NAME, VIDEO_ID) VALUES (44, 'S', 0, 'machine leg curl', 'Orxowest56U');
Insert into EXERCISES (EXERCISE_ID, TYPE, KCAL_BURNED, NAME, VIDEO_ID) VALUES (45, 'S', 0, 'barbell standing calf raises', 'hh5516HCu4k');
Insert into EXERCISES (EXERCISE_ID, TYPE, KCAL_BURNED, NAME, VIDEO_ID) VALUES (46, 'S', 0, 'machine calf raises', 'N3awlEyTY98');
Insert into EXERCISES (EXERCISE_ID, TYPE, KCAL_BURNED, NAME, VIDEO_ID) VALUES (47, 'S', 0, 'dumbbell lunges', 'eFWCn5iEbTU');
Insert into EXERCISES (EXERCISE_ID, TYPE, KCAL_BURNED, NAME, VIDEO_ID) VALUES (48, 'S', 0, 'barbell lunges', '_meXEWq5MOQ');
Insert into EXERCISES (EXERCISE_ID, TYPE, KCAL_BURNED, NAME, VIDEO_ID) VALUES (49, 'S', 0, 'hip thrust', 'EF7jXP17DPE');
Insert into EXERCISES (EXERCISE_ID, TYPE, KCAL_BURNED, NAME, VIDEO_ID) VALUES (50, 'S', 0, 'barbell bulgarian split squat', 'jNihW0WDIL4');
Insert into EXERCISES (EXERCISE_ID, TYPE, KCAL_BURNED, NAME, VIDEO_ID) VALUES (51, 'S', 0, 'barbell front squat', 'HHxNbhP16UE');
Insert into EXERCISES (EXERCISE_ID, TYPE, KCAL_BURNED, NAME, VIDEO_ID) VALUES (52, 'S', 0, 'deadlift', 'AweC3UaM14o');
Insert into EXERCISES (EXERCISE_ID, TYPE, KCAL_BURNED, NAME, VIDEO_ID) VALUES (53, 'S', 0, 'romanian deadlift', 'bT5OOBgY4bc');
Insert into EXERCISES (EXERCISE_ID, TYPE, KCAL_BURNED, NAME, VIDEO_ID) VALUES (54, 'S', 0, 'sumo deadlift', 'pfSMst14EFk');
Insert into EXERCISES (EXERCISE_ID, TYPE, KCAL_BURNED, NAME, VIDEO_ID) VALUES (55, 'F', 0, 'farmer walk', 'dX0itH_wXBQ');
Insert into EXERCISES (EXERCISE_ID, TYPE, KCAL_BURNED, NAME, VIDEO_ID) VALUES (56, 'S', 0, 'shrugs', '_t3lrPI6Ns4');
Insert into EXERCISES (EXERCISE_ID, TYPE, KCAL_BURNED, NAME, VIDEO_ID) VALUES (57, 'S', 0, 'sit ups', 'pXg8qppif7I');
Insert into EXERCISES (EXERCISE_ID, TYPE, KCAL_BURNED, NAME, VIDEO_ID) VALUES (58, 'S', 0, 'decline sit ups', 'DAnTf16NcT0');
Insert into EXERCISES (EXERCISE_ID, TYPE, KCAL_BURNED, NAME, VIDEO_ID) VALUES (59, 'S', 0, 'crunches', '0t4t3IpiEao');
Insert into EXERCISES (EXERCISE_ID, TYPE, KCAL_BURNED, NAME, VIDEO_ID) VALUES (60, 'S', 0, 'decline crunches', 'dVO_yOfvp3A');
Insert into EXERCISES (EXERCISE_ID, TYPE, KCAL_BURNED, NAME, VIDEO_ID) VALUES (61, 'S', 0, 'russian twists', 'pzMWYoeSCzw');
Insert into EXERCISES (EXERCISE_ID, TYPE, KCAL_BURNED, NAME, VIDEO_ID) VALUES (62, 'S', 0, 'neck curl', 'WSfy5wpU_Io');
Insert into EXERCISES (EXERCISE_ID, TYPE, KCAL_BURNED, NAME, VIDEO_ID) VALUES (63, 'S', 0, 'neck extensions', 'Z6rZ8oRyFAk');
Insert into EXERCISES (EXERCISE_ID, TYPE, KCAL_BURNED, NAME, VIDEO_ID) VALUES (64, 'S', 0, 'machine reverse fly', '5YK4bgzXDp0');
Insert into EXERCISES (EXERCISE_ID, TYPE, KCAL_BURNED, NAME, VIDEO_ID) VALUES (65, 'S', 0, 'dumbbell reverse fly', 'hf7jnF45N_I');
Insert into EXERCISES (EXERCISE_ID, TYPE, KCAL_BURNED, NAME, VIDEO_ID) VALUES (66, 'C', 2, 'plank', 'EPiXN2bkLoQ');
Insert into EXERCISES (EXERCISE_ID, TYPE, KCAL_BURNED, NAME, VIDEO_ID) VALUES (67, 'S', 0, 'leg raises', 'q0JVBRHoLz4');
Insert into EXERCISES (EXERCISE_ID, TYPE, KCAL_BURNED, NAME, VIDEO_ID) VALUES (68, 'C', 5, 'walking', null);
Insert into EXERCISES (EXERCISE_ID, TYPE, KCAL_BURNED, NAME, VIDEO_ID) VALUES (69, 'C', 10, 'jogging', null);
Insert into EXERCISES (EXERCISE_ID, TYPE, KCAL_BURNED, NAME, VIDEO_ID) VALUES (70, 'C', 15, 'running', null);
Insert into EXERCISES (EXERCISE_ID, TYPE, KCAL_BURNED, NAME, VIDEO_ID) VALUES (71, 'C', 20, 'sprinting', null);
Insert into EXERCISES (EXERCISE_ID, TYPE, KCAL_BURNED, NAME, VIDEO_ID) VALUES (72, 'C', 12, 'swimming', null);
Insert into EXERCISES (EXERCISE_ID, TYPE, KCAL_BURNED, NAME, VIDEO_ID) VALUES (73, 'C', 10, 'cycling', null);
Insert into EXERCISES (EXERCISE_ID, TYPE, KCAL_BURNED, NAME, VIDEO_ID) VALUES (74, 'C', 8, 'jumping jacks', 'uLVt6u15L98');
Insert into EXERCISES (EXERCISE_ID, TYPE, KCAL_BURNED, NAME, VIDEO_ID) VALUES (75, 'S', 0, 'machine leg abduction', 'G_8LItOiZ0Q');
Insert into EXERCISES (EXERCISE_ID, TYPE, KCAL_BURNED, NAME, VIDEO_ID) VALUES (76, 'S', 0, 'machine leg adduction', 'CjAVezAggkI');
Insert into EXERCISES (EXERCISE_ID, TYPE, KCAL_BURNED, NAME, VIDEO_ID) VALUES (77, 'S', 0, 'machine lat pulldown', 'EUIri47Epcg');
Insert into EXERCISES (EXERCISE_ID, TYPE, KCAL_BURNED, NAME, VIDEO_ID) VALUES (168, 'C', 8, 'incline walking', null);
Insert into EXERCISES (EXERCISE_ID, TYPE, KCAL_BURNED, NAME, VIDEO_ID) VALUES (173, 'F', 10, 'trap bar farmer''s walk', 'ivqzKhwOpvI');
Insert into EXERCISES (EXERCISE_ID, TYPE, KCAL_BURNED, NAME, VIDEO_ID) VALUES (169, 'C', 12, 'stepper', null);
Insert into EXERCISES (EXERCISE_ID, TYPE, KCAL_BURNED, NAME, VIDEO_ID) VALUES (170, 'C', 18, 'burpees', 'TU8QYVW0gDU');
Insert into EXERCISES (EXERCISE_ID, TYPE, KCAL_BURNED, NAME, VIDEO_ID) VALUES (171, 'C', 14, 'rope skipping', null);
Insert into EXERCISES (EXERCISE_ID, TYPE, KCAL_BURNED, NAME, VIDEO_ID) VALUES (172, 'F', 10, 'dumbbell farmer''s walk', '8OtwXwrJizk');
Insert into EXERCISES (EXERCISE_ID, TYPE, KCAL_BURNED, NAME, VIDEO_ID) VALUES (174, 'F', 12, 'battle ropes alternating waves', 'ZujykKeVZpM');
Insert into EXERCISES (EXERCISE_ID, TYPE, KCAL_BURNED, NAME, VIDEO_ID) VALUES (175, 'F', 12, 'battle ropes side waves', 'tDCgANYoO3Q');
Insert into EXERCISES (EXERCISE_ID, TYPE, KCAL_BURNED, NAME, VIDEO_ID) VALUES (176, 'F', 12, 'battle ropes inside circles', 'ycYOpuuqnLw');
Insert into EXERCISES (EXERCISE_ID, TYPE, KCAL_BURNED, NAME, VIDEO_ID) VALUES (177, 'F', 12, 'battle ropes outside circles', 'bIeB-Ut8YJM');
Insert into EXERCISES (EXERCISE_ID, TYPE, KCAL_BURNED, NAME, VIDEO_ID) VALUES (178, 'F', 10, 'battle ropes uppercuts', 'HIZI3TkbJjs');
Insert into EXERCISES (EXERCISE_ID, TYPE, KCAL_BURNED, NAME, VIDEO_ID) VALUES (179, 'F', 20, 'battle ropes jumping jacks', 'r7Ndi0YYZ-0');
Insert into EXERCISES (EXERCISE_ID, TYPE, KCAL_BURNED, NAME, VIDEO_ID) VALUES (180, 'F', 14, 'battle ropes slams', '7wDx6mZDxA8');
Insert into EXERCISES (EXERCISE_ID, TYPE, KCAL_BURNED, NAME, VIDEO_ID) VALUES (301, 'F', 100, 'kidmaker', 'I-u4F-E5yJ0');
Insert into EXERCISES (EXERCISE_ID, TYPE, KCAL_BURNED, NAME, VIDEO_ID) VALUES (302, 'S', 0, 'dumbbell bulgarian split squat', 'Fmjj7wFJWRE');
Insert into EXERCISES (EXERCISE_ID, TYPE, KCAL_BURNED, NAME, VIDEO_ID) VALUES (259, 'F', 10, 'weighted wall sit', '8e42dL8MeMw');
Insert into EXERCISES (EXERCISE_ID, TYPE, KCAL_BURNED, NAME, VIDEO_ID) VALUES (260, 'F', 12, 'rowing', null);
Insert into EXERCISES (EXERCISE_ID, TYPE, KCAL_BURNED, NAME, VIDEO_ID) VALUES (261, 'F', 14, 'weighted running', null);
Insert into EXERCISES (EXERCISE_ID, TYPE, KCAL_BURNED, NAME, VIDEO_ID) VALUES (262, 'F', 10, 'weighted walking', null);
Insert into EXERCISES (EXERCISE_ID, TYPE, KCAL_BURNED, NAME, VIDEO_ID) VALUES (263, 'F', 11, 'weighted incline walking', null);
Insert into EXERCISES (EXERCISE_ID, TYPE, KCAL_BURNED, NAME, VIDEO_ID) VALUES (264, 'F', 12, 'weighted jumping jacks', null);
Insert into EXERCISES (EXERCISE_ID, TYPE, KCAL_BURNED, NAME, VIDEO_ID) VALUES (265, 'F', 10, 'weighted rope skipping', null);

Insert into EXERCISES_MUSCLES (ID, EXERCISE_ID, MUSCLE_ID) VALUES (1, 1, 4);
Insert into EXERCISES_MUSCLES (ID, EXERCISE_ID, MUSCLE_ID) VALUES (2, 1, 6);
Insert into EXERCISES_MUSCLES (ID, EXERCISE_ID, MUSCLE_ID) VALUES (3, 1, 9);
Insert into EXERCISES_MUSCLES (ID, EXERCISE_ID, MUSCLE_ID) VALUES (4, 2, 4);
Insert into EXERCISES_MUSCLES (ID, EXERCISE_ID, MUSCLE_ID) VALUES (5, 2, 6);
Insert into EXERCISES_MUSCLES (ID, EXERCISE_ID, MUSCLE_ID) VALUES (6, 2, 9);
Insert into EXERCISES_MUSCLES (ID, EXERCISE_ID, MUSCLE_ID) VALUES (7, 3, 6);
Insert into EXERCISES_MUSCLES (ID, EXERCISE_ID, MUSCLE_ID) VALUES (8, 3, 9);
Insert into EXERCISES_MUSCLES (ID, EXERCISE_ID, MUSCLE_ID) VALUES (9, 4, 6);
Insert into EXERCISES_MUSCLES (ID, EXERCISE_ID, MUSCLE_ID) VALUES (10, 4, 9);
Insert into EXERCISES_MUSCLES (ID, EXERCISE_ID, MUSCLE_ID) VALUES (11, 5, 9);
Insert into EXERCISES_MUSCLES (ID, EXERCISE_ID, MUSCLE_ID) VALUES (12, 6, 4);
Insert into EXERCISES_MUSCLES (ID, EXERCISE_ID, MUSCLE_ID) VALUES (13, 7, 4);
Insert into EXERCISES_MUSCLES (ID, EXERCISE_ID, MUSCLE_ID) VALUES (14, 7, 6);
Insert into EXERCISES_MUSCLES (ID, EXERCISE_ID, MUSCLE_ID) VALUES (15, 7, 9);
Insert into EXERCISES_MUSCLES (ID, EXERCISE_ID, MUSCLE_ID) VALUES (16, 8, 6);
Insert into EXERCISES_MUSCLES (ID, EXERCISE_ID, MUSCLE_ID) VALUES (17, 9, 9);
Insert into EXERCISES_MUSCLES (ID, EXERCISE_ID, MUSCLE_ID) VALUES (18, 10, 6);
Insert into EXERCISES_MUSCLES (ID, EXERCISE_ID, MUSCLE_ID) VALUES (19, 11, 4);
Insert into EXERCISES_MUSCLES (ID, EXERCISE_ID, MUSCLE_ID) VALUES (20, 11, 6);
Insert into EXERCISES_MUSCLES (ID, EXERCISE_ID, MUSCLE_ID) VALUES (21, 12, 6);
Insert into EXERCISES_MUSCLES (ID, EXERCISE_ID, MUSCLE_ID) VALUES (22, 12, 9);
Insert into EXERCISES_MUSCLES (ID, EXERCISE_ID, MUSCLE_ID) VALUES (23, 13, 9);
Insert into EXERCISES_MUSCLES (ID, EXERCISE_ID, MUSCLE_ID) VALUES (24, 14, 6);
Insert into EXERCISES_MUSCLES (ID, EXERCISE_ID, MUSCLE_ID) VALUES (25, 15, 4);
Insert into EXERCISES_MUSCLES (ID, EXERCISE_ID, MUSCLE_ID) VALUES (26, 15, 6);
Insert into EXERCISES_MUSCLES (ID, EXERCISE_ID, MUSCLE_ID) VALUES (27, 15, 9);
Insert into EXERCISES_MUSCLES (ID, EXERCISE_ID, MUSCLE_ID) VALUES (28, 16, 4);
Insert into EXERCISES_MUSCLES (ID, EXERCISE_ID, MUSCLE_ID) VALUES (29, 16, 6);
Insert into EXERCISES_MUSCLES (ID, EXERCISE_ID, MUSCLE_ID) VALUES (30, 16, 9);
Insert into EXERCISES_MUSCLES (ID, EXERCISE_ID, MUSCLE_ID) VALUES (31, 17, 4);
Insert into EXERCISES_MUSCLES (ID, EXERCISE_ID, MUSCLE_ID) VALUES (32, 17, 6);
Insert into EXERCISES_MUSCLES (ID, EXERCISE_ID, MUSCLE_ID) VALUES (33, 17, 9);
Insert into EXERCISES_MUSCLES (ID, EXERCISE_ID, MUSCLE_ID) VALUES (34, 18, 4);
Insert into EXERCISES_MUSCLES (ID, EXERCISE_ID, MUSCLE_ID) VALUES (35, 18, 6);
Insert into EXERCISES_MUSCLES (ID, EXERCISE_ID, MUSCLE_ID) VALUES (36, 18, 9);
Insert into EXERCISES_MUSCLES (ID, EXERCISE_ID, MUSCLE_ID) VALUES (37, 19, 4);
Insert into EXERCISES_MUSCLES (ID, EXERCISE_ID, MUSCLE_ID) VALUES (38, 19, 6);
Insert into EXERCISES_MUSCLES (ID, EXERCISE_ID, MUSCLE_ID) VALUES (39, 19, 9);
Insert into EXERCISES_MUSCLES (ID, EXERCISE_ID, MUSCLE_ID) VALUES (40, 20, 4);
Insert into EXERCISES_MUSCLES (ID, EXERCISE_ID, MUSCLE_ID) VALUES (41, 21, 5);
Insert into EXERCISES_MUSCLES (ID, EXERCISE_ID, MUSCLE_ID) VALUES (42, 22, 5);
Insert into EXERCISES_MUSCLES (ID, EXERCISE_ID, MUSCLE_ID) VALUES (43, 23, 5);
Insert into EXERCISES_MUSCLES (ID, EXERCISE_ID, MUSCLE_ID) VALUES (44, 23, 7);
Insert into EXERCISES_MUSCLES (ID, EXERCISE_ID, MUSCLE_ID) VALUES (45, 24, 5);
Insert into EXERCISES_MUSCLES (ID, EXERCISE_ID, MUSCLE_ID) VALUES (46, 25, 5);
Insert into EXERCISES_MUSCLES (ID, EXERCISE_ID, MUSCLE_ID) VALUES (47, 25, 7);
Insert into EXERCISES_MUSCLES (ID, EXERCISE_ID, MUSCLE_ID) VALUES (48, 26, 1);
Insert into EXERCISES_MUSCLES (ID, EXERCISE_ID, MUSCLE_ID) VALUES (49, 26, 2);
Insert into EXERCISES_MUSCLES (ID, EXERCISE_ID, MUSCLE_ID) VALUES (50, 26, 3);
Insert into EXERCISES_MUSCLES (ID, EXERCISE_ID, MUSCLE_ID) VALUES (51, 26, 5);
Insert into EXERCISES_MUSCLES (ID, EXERCISE_ID, MUSCLE_ID) VALUES (52, 26, 7);
Insert into EXERCISES_MUSCLES (ID, EXERCISE_ID, MUSCLE_ID) VALUES (53, 26, 8);
Insert into EXERCISES_MUSCLES (ID, EXERCISE_ID, MUSCLE_ID) VALUES (54, 27, 1);
Insert into EXERCISES_MUSCLES (ID, EXERCISE_ID, MUSCLE_ID) VALUES (55, 27, 2);
Insert into EXERCISES_MUSCLES (ID, EXERCISE_ID, MUSCLE_ID) VALUES (56, 27, 3);
Insert into EXERCISES_MUSCLES (ID, EXERCISE_ID, MUSCLE_ID) VALUES (57, 27, 5);
Insert into EXERCISES_MUSCLES (ID, EXERCISE_ID, MUSCLE_ID) VALUES (58, 27, 7);
Insert into EXERCISES_MUSCLES (ID, EXERCISE_ID, MUSCLE_ID) VALUES (59, 27, 8);
Insert into EXERCISES_MUSCLES (ID, EXERCISE_ID, MUSCLE_ID) VALUES (60, 28, 1);
Insert into EXERCISES_MUSCLES (ID, EXERCISE_ID, MUSCLE_ID) VALUES (61, 28, 2);
Insert into EXERCISES_MUSCLES (ID, EXERCISE_ID, MUSCLE_ID) VALUES (62, 28, 3);
Insert into EXERCISES_MUSCLES (ID, EXERCISE_ID, MUSCLE_ID) VALUES (63, 28, 5);
Insert into EXERCISES_MUSCLES (ID, EXERCISE_ID, MUSCLE_ID) VALUES (64, 28, 7);
Insert into EXERCISES_MUSCLES (ID, EXERCISE_ID, MUSCLE_ID) VALUES (65, 28, 8);
Insert into EXERCISES_MUSCLES (ID, EXERCISE_ID, MUSCLE_ID) VALUES (66, 29, 3);
Insert into EXERCISES_MUSCLES (ID, EXERCISE_ID, MUSCLE_ID) VALUES (67, 29, 5);
Insert into EXERCISES_MUSCLES (ID, EXERCISE_ID, MUSCLE_ID) VALUES (68, 29, 7);
Insert into EXERCISES_MUSCLES (ID, EXERCISE_ID, MUSCLE_ID) VALUES (69, 30, 2);
Insert into EXERCISES_MUSCLES (ID, EXERCISE_ID, MUSCLE_ID) VALUES (70, 30, 8);
Insert into EXERCISES_MUSCLES (ID, EXERCISE_ID, MUSCLE_ID) VALUES (71, 31, 2);
Insert into EXERCISES_MUSCLES (ID, EXERCISE_ID, MUSCLE_ID) VALUES (72, 31, 5);
Insert into EXERCISES_MUSCLES (ID, EXERCISE_ID, MUSCLE_ID) VALUES (73, 32, 7);
Insert into EXERCISES_MUSCLES (ID, EXERCISE_ID, MUSCLE_ID) VALUES (74, 33, 7);
Insert into EXERCISES_MUSCLES (ID, EXERCISE_ID, MUSCLE_ID) VALUES (75, 34, 7);
Insert into EXERCISES_MUSCLES (ID, EXERCISE_ID, MUSCLE_ID) VALUES (76, 35, 7);
Insert into EXERCISES_MUSCLES (ID, EXERCISE_ID, MUSCLE_ID) VALUES (77, 36, 5);
Insert into EXERCISES_MUSCLES (ID, EXERCISE_ID, MUSCLE_ID) VALUES (78, 36, 7);
Insert into EXERCISES_MUSCLES (ID, EXERCISE_ID, MUSCLE_ID) VALUES (79, 37, 5);
Insert into EXERCISES_MUSCLES (ID, EXERCISE_ID, MUSCLE_ID) VALUES (80, 37, 7);
Insert into EXERCISES_MUSCLES (ID, EXERCISE_ID, MUSCLE_ID) VALUES (81, 38, 3);
Insert into EXERCISES_MUSCLES (ID, EXERCISE_ID, MUSCLE_ID) VALUES (82, 39, 13);
Insert into EXERCISES_MUSCLES (ID, EXERCISE_ID, MUSCLE_ID) VALUES (83, 39, 14);
Insert into EXERCISES_MUSCLES (ID, EXERCISE_ID, MUSCLE_ID) VALUES (84, 39, 15);
Insert into EXERCISES_MUSCLES (ID, EXERCISE_ID, MUSCLE_ID) VALUES (85, 39, 16);
Insert into EXERCISES_MUSCLES (ID, EXERCISE_ID, MUSCLE_ID) VALUES (86, 39, 17);
Insert into EXERCISES_MUSCLES (ID, EXERCISE_ID, MUSCLE_ID) VALUES (87, 40, 13);
Insert into EXERCISES_MUSCLES (ID, EXERCISE_ID, MUSCLE_ID) VALUES (88, 40, 14);
Insert into EXERCISES_MUSCLES (ID, EXERCISE_ID, MUSCLE_ID) VALUES (89, 40, 15);
Insert into EXERCISES_MUSCLES (ID, EXERCISE_ID, MUSCLE_ID) VALUES (90, 40, 16);
Insert into EXERCISES_MUSCLES (ID, EXERCISE_ID, MUSCLE_ID) VALUES (91, 40, 17);
Insert into EXERCISES_MUSCLES (ID, EXERCISE_ID, MUSCLE_ID) VALUES (92, 41, 13);
Insert into EXERCISES_MUSCLES (ID, EXERCISE_ID, MUSCLE_ID) VALUES (93, 41, 14);
Insert into EXERCISES_MUSCLES (ID, EXERCISE_ID, MUSCLE_ID) VALUES (94, 41, 15);
Insert into EXERCISES_MUSCLES (ID, EXERCISE_ID, MUSCLE_ID) VALUES (95, 41, 16);
Insert into EXERCISES_MUSCLES (ID, EXERCISE_ID, MUSCLE_ID) VALUES (96, 41, 17);
Insert into EXERCISES_MUSCLES (ID, EXERCISE_ID, MUSCLE_ID) VALUES (97, 42, 13);
Insert into EXERCISES_MUSCLES (ID, EXERCISE_ID, MUSCLE_ID) VALUES (98, 42, 14);
Insert into EXERCISES_MUSCLES (ID, EXERCISE_ID, MUSCLE_ID) VALUES (99, 42, 15);
Insert into EXERCISES_MUSCLES (ID, EXERCISE_ID, MUSCLE_ID) VALUES (100, 42, 16);
Insert into EXERCISES_MUSCLES (ID, EXERCISE_ID, MUSCLE_ID) VALUES (101, 42, 17);
Insert into EXERCISES_MUSCLES (ID, EXERCISE_ID, MUSCLE_ID) VALUES (102, 43, 14);
Insert into EXERCISES_MUSCLES (ID, EXERCISE_ID, MUSCLE_ID) VALUES (103, 44, 13);
Insert into EXERCISES_MUSCLES (ID, EXERCISE_ID, MUSCLE_ID) VALUES (104, 45, 16);
Insert into EXERCISES_MUSCLES (ID, EXERCISE_ID, MUSCLE_ID) VALUES (105, 46, 16);
Insert into EXERCISES_MUSCLES (ID, EXERCISE_ID, MUSCLE_ID) VALUES (106, 47, 13);
Insert into EXERCISES_MUSCLES (ID, EXERCISE_ID, MUSCLE_ID) VALUES (107, 47, 14);
Insert into EXERCISES_MUSCLES (ID, EXERCISE_ID, MUSCLE_ID) VALUES (108, 47, 15);
Insert into EXERCISES_MUSCLES (ID, EXERCISE_ID, MUSCLE_ID) VALUES (109, 47, 16);
Insert into EXERCISES_MUSCLES (ID, EXERCISE_ID, MUSCLE_ID) VALUES (110, 47, 17);
Insert into EXERCISES_MUSCLES (ID, EXERCISE_ID, MUSCLE_ID) VALUES (111, 48, 13);
Insert into EXERCISES_MUSCLES (ID, EXERCISE_ID, MUSCLE_ID) VALUES (112, 48, 14);
Insert into EXERCISES_MUSCLES (ID, EXERCISE_ID, MUSCLE_ID) VALUES (113, 48, 15);
Insert into EXERCISES_MUSCLES (ID, EXERCISE_ID, MUSCLE_ID) VALUES (114, 48, 16);
Insert into EXERCISES_MUSCLES (ID, EXERCISE_ID, MUSCLE_ID) VALUES (115, 48, 17);
Insert into EXERCISES_MUSCLES (ID, EXERCISE_ID, MUSCLE_ID) VALUES (116, 51, 13);
Insert into EXERCISES_MUSCLES (ID, EXERCISE_ID, MUSCLE_ID) VALUES (117, 51, 14);
Insert into EXERCISES_MUSCLES (ID, EXERCISE_ID, MUSCLE_ID) VALUES (118, 51, 15);
Insert into EXERCISES_MUSCLES (ID, EXERCISE_ID, MUSCLE_ID) VALUES (119, 51, 16);
Insert into EXERCISES_MUSCLES (ID, EXERCISE_ID, MUSCLE_ID) VALUES (120, 51, 17);
Insert into EXERCISES_MUSCLES (ID, EXERCISE_ID, MUSCLE_ID) VALUES (121, 52, 2);
Insert into EXERCISES_MUSCLES (ID, EXERCISE_ID, MUSCLE_ID) VALUES (122, 52, 3);
Insert into EXERCISES_MUSCLES (ID, EXERCISE_ID, MUSCLE_ID) VALUES (123, 52, 5);
Insert into EXERCISES_MUSCLES (ID, EXERCISE_ID, MUSCLE_ID) VALUES (124, 52, 13);
Insert into EXERCISES_MUSCLES (ID, EXERCISE_ID, MUSCLE_ID) VALUES (125, 52, 14);
Insert into EXERCISES_MUSCLES (ID, EXERCISE_ID, MUSCLE_ID) VALUES (126, 52, 17);
Insert into EXERCISES_MUSCLES (ID, EXERCISE_ID, MUSCLE_ID) VALUES (127, 53, 2);
Insert into EXERCISES_MUSCLES (ID, EXERCISE_ID, MUSCLE_ID) VALUES (128, 53, 3);
Insert into EXERCISES_MUSCLES (ID, EXERCISE_ID, MUSCLE_ID) VALUES (129, 53, 13);
Insert into EXERCISES_MUSCLES (ID, EXERCISE_ID, MUSCLE_ID) VALUES (130, 53, 17);
Insert into EXERCISES_MUSCLES (ID, EXERCISE_ID, MUSCLE_ID) VALUES (131, 54, 2);
Insert into EXERCISES_MUSCLES (ID, EXERCISE_ID, MUSCLE_ID) VALUES (132, 54, 3);
Insert into EXERCISES_MUSCLES (ID, EXERCISE_ID, MUSCLE_ID) VALUES (133, 54, 13);
Insert into EXERCISES_MUSCLES (ID, EXERCISE_ID, MUSCLE_ID) VALUES (134, 54, 14);
Insert into EXERCISES_MUSCLES (ID, EXERCISE_ID, MUSCLE_ID) VALUES (135, 54, 15);
Insert into EXERCISES_MUSCLES (ID, EXERCISE_ID, MUSCLE_ID) VALUES (136, 54, 17);
Insert into EXERCISES_MUSCLES (ID, EXERCISE_ID, MUSCLE_ID) VALUES (137, 55, 2);
Insert into EXERCISES_MUSCLES (ID, EXERCISE_ID, MUSCLE_ID) VALUES (138, 55, 3);
Insert into EXERCISES_MUSCLES (ID, EXERCISE_ID, MUSCLE_ID) VALUES (139, 55, 7);
Insert into EXERCISES_MUSCLES (ID, EXERCISE_ID, MUSCLE_ID) VALUES (140, 55, 16);
Insert into EXERCISES_MUSCLES (ID, EXERCISE_ID, MUSCLE_ID) VALUES (141, 55, 17);
Insert into EXERCISES_MUSCLES (ID, EXERCISE_ID, MUSCLE_ID) VALUES (142, 56, 1);
Insert into EXERCISES_MUSCLES (ID, EXERCISE_ID, MUSCLE_ID) VALUES (143, 56, 2);
Insert into EXERCISES_MUSCLES (ID, EXERCISE_ID, MUSCLE_ID) VALUES (144, 57, 10);
Insert into EXERCISES_MUSCLES (ID, EXERCISE_ID, MUSCLE_ID) VALUES (145, 58, 10);
Insert into EXERCISES_MUSCLES (ID, EXERCISE_ID, MUSCLE_ID) VALUES (146, 59, 10);
Insert into EXERCISES_MUSCLES (ID, EXERCISE_ID, MUSCLE_ID) VALUES (147, 60, 10);
Insert into EXERCISES_MUSCLES (ID, EXERCISE_ID, MUSCLE_ID) VALUES (148, 61, 10);
Insert into EXERCISES_MUSCLES (ID, EXERCISE_ID, MUSCLE_ID) VALUES (149, 61, 11);
Insert into EXERCISES_MUSCLES (ID, EXERCISE_ID, MUSCLE_ID) VALUES (150, 62, 19);
Insert into EXERCISES_MUSCLES (ID, EXERCISE_ID, MUSCLE_ID) VALUES (151, 63, 19);
Insert into EXERCISES_MUSCLES (ID, EXERCISE_ID, MUSCLE_ID) VALUES (152, 64, 2);
Insert into EXERCISES_MUSCLES (ID, EXERCISE_ID, MUSCLE_ID) VALUES (153, 64, 8);
Insert into EXERCISES_MUSCLES (ID, EXERCISE_ID, MUSCLE_ID) VALUES (154, 64, 9);
Insert into EXERCISES_MUSCLES (ID, EXERCISE_ID, MUSCLE_ID) VALUES (155, 65, 2);
Insert into EXERCISES_MUSCLES (ID, EXERCISE_ID, MUSCLE_ID) VALUES (156, 65, 8);
Insert into EXERCISES_MUSCLES (ID, EXERCISE_ID, MUSCLE_ID) VALUES (157, 65, 9);
Insert into EXERCISES_MUSCLES (ID, EXERCISE_ID, MUSCLE_ID) VALUES (158, 66, 10);
Insert into EXERCISES_MUSCLES (ID, EXERCISE_ID, MUSCLE_ID) VALUES (159, 66, 11);
Insert into EXERCISES_MUSCLES (ID, EXERCISE_ID, MUSCLE_ID) VALUES (160, 67, 10);
Insert into EXERCISES_MUSCLES (ID, EXERCISE_ID, MUSCLE_ID) VALUES (161, 67, 11);
Insert into EXERCISES_MUSCLES (ID, EXERCISE_ID, MUSCLE_ID) VALUES (162, 67, 17);
Insert into EXERCISES_MUSCLES (ID, EXERCISE_ID, MUSCLE_ID) VALUES (163, 68, 13);
Insert into EXERCISES_MUSCLES (ID, EXERCISE_ID, MUSCLE_ID) VALUES (164, 68, 14);
Insert into EXERCISES_MUSCLES (ID, EXERCISE_ID, MUSCLE_ID) VALUES (165, 68, 16);
Insert into EXERCISES_MUSCLES (ID, EXERCISE_ID, MUSCLE_ID) VALUES (166, 69, 13);
Insert into EXERCISES_MUSCLES (ID, EXERCISE_ID, MUSCLE_ID) VALUES (167, 69, 14);
Insert into EXERCISES_MUSCLES (ID, EXERCISE_ID, MUSCLE_ID) VALUES (168, 69, 16);
Insert into EXERCISES_MUSCLES (ID, EXERCISE_ID, MUSCLE_ID) VALUES (169, 70, 13);
Insert into EXERCISES_MUSCLES (ID, EXERCISE_ID, MUSCLE_ID) VALUES (170, 70, 14);
Insert into EXERCISES_MUSCLES (ID, EXERCISE_ID, MUSCLE_ID) VALUES (171, 70, 16);
Insert into EXERCISES_MUSCLES (ID, EXERCISE_ID, MUSCLE_ID) VALUES (172, 71, 13);
Insert into EXERCISES_MUSCLES (ID, EXERCISE_ID, MUSCLE_ID) VALUES (173, 71, 14);
Insert into EXERCISES_MUSCLES (ID, EXERCISE_ID, MUSCLE_ID) VALUES (174, 71, 16);
Insert into EXERCISES_MUSCLES (ID, EXERCISE_ID, MUSCLE_ID) VALUES (175, 72, 1);
Insert into EXERCISES_MUSCLES (ID, EXERCISE_ID, MUSCLE_ID) VALUES (176, 72, 2);
Insert into EXERCISES_MUSCLES (ID, EXERCISE_ID, MUSCLE_ID) VALUES (177, 72, 4);
Insert into EXERCISES_MUSCLES (ID, EXERCISE_ID, MUSCLE_ID) VALUES (178, 72, 5);
Insert into EXERCISES_MUSCLES (ID, EXERCISE_ID, MUSCLE_ID) VALUES (179, 72, 6);
Insert into EXERCISES_MUSCLES (ID, EXERCISE_ID, MUSCLE_ID) VALUES (180, 72, 8);
Insert into EXERCISES_MUSCLES (ID, EXERCISE_ID, MUSCLE_ID) VALUES (181, 72, 9);
Insert into EXERCISES_MUSCLES (ID, EXERCISE_ID, MUSCLE_ID) VALUES (182, 72, 10);
Insert into EXERCISES_MUSCLES (ID, EXERCISE_ID, MUSCLE_ID) VALUES (183, 72, 11);
Insert into EXERCISES_MUSCLES (ID, EXERCISE_ID, MUSCLE_ID) VALUES (184, 72, 13);
Insert into EXERCISES_MUSCLES (ID, EXERCISE_ID, MUSCLE_ID) VALUES (185, 72, 14);
Insert into EXERCISES_MUSCLES (ID, EXERCISE_ID, MUSCLE_ID) VALUES (186, 72, 16);
Insert into EXERCISES_MUSCLES (ID, EXERCISE_ID, MUSCLE_ID) VALUES (187, 73, 13);
Insert into EXERCISES_MUSCLES (ID, EXERCISE_ID, MUSCLE_ID) VALUES (188, 73, 14);
Insert into EXERCISES_MUSCLES (ID, EXERCISE_ID, MUSCLE_ID) VALUES (189, 73, 16);
Insert into EXERCISES_MUSCLES (ID, EXERCISE_ID, MUSCLE_ID) VALUES (190, 73, 17);
Insert into EXERCISES_MUSCLES (ID, EXERCISE_ID, MUSCLE_ID) VALUES (191, 74, 2);
Insert into EXERCISES_MUSCLES (ID, EXERCISE_ID, MUSCLE_ID) VALUES (192, 74, 8);
Insert into EXERCISES_MUSCLES (ID, EXERCISE_ID, MUSCLE_ID) VALUES (193, 74, 14);
Insert into EXERCISES_MUSCLES (ID, EXERCISE_ID, MUSCLE_ID) VALUES (194, 74, 16);
Insert into EXERCISES_MUSCLES (ID, EXERCISE_ID, MUSCLE_ID) VALUES (195, 75, 15);
Insert into EXERCISES_MUSCLES (ID, EXERCISE_ID, MUSCLE_ID) VALUES (196, 75, 17);
Insert into EXERCISES_MUSCLES (ID, EXERCISE_ID, MUSCLE_ID) VALUES (197, 76, 12);
Insert into EXERCISES_MUSCLES (ID, EXERCISE_ID, MUSCLE_ID) VALUES (198, 76, 17);
Insert into EXERCISES_MUSCLES (ID, EXERCISE_ID, MUSCLE_ID) VALUES (199, 77, 1);
Insert into EXERCISES_MUSCLES (ID, EXERCISE_ID, MUSCLE_ID) VALUES (200, 77, 2);
Insert into EXERCISES_MUSCLES (ID, EXERCISE_ID, MUSCLE_ID) VALUES (201, 77, 3);
Insert into EXERCISES_MUSCLES (ID, EXERCISE_ID, MUSCLE_ID) VALUES (202, 77, 5);
Insert into EXERCISES_MUSCLES (ID, EXERCISE_ID, MUSCLE_ID) VALUES (203, 77, 7);
Insert into EXERCISES_MUSCLES (ID, EXERCISE_ID, MUSCLE_ID) VALUES (258, 168, 14);
Insert into EXERCISES_MUSCLES (ID, EXERCISE_ID, MUSCLE_ID) VALUES (259, 168, 13);
Insert into EXERCISES_MUSCLES (ID, EXERCISE_ID, MUSCLE_ID) VALUES (260, 168, 16);
Insert into EXERCISES_MUSCLES (ID, EXERCISE_ID, MUSCLE_ID) VALUES (261, 168, 17);
Insert into EXERCISES_MUSCLES (ID, EXERCISE_ID, MUSCLE_ID) VALUES (262, 169, 14);
Insert into EXERCISES_MUSCLES (ID, EXERCISE_ID, MUSCLE_ID) VALUES (263, 169, 13);
Insert into EXERCISES_MUSCLES (ID, EXERCISE_ID, MUSCLE_ID) VALUES (264, 169, 17);
Insert into EXERCISES_MUSCLES (ID, EXERCISE_ID, MUSCLE_ID) VALUES (265, 169, 10);
Insert into EXERCISES_MUSCLES (ID, EXERCISE_ID, MUSCLE_ID) VALUES (266, 170, 4);
Insert into EXERCISES_MUSCLES (ID, EXERCISE_ID, MUSCLE_ID) VALUES (267, 170, 6);
Insert into EXERCISES_MUSCLES (ID, EXERCISE_ID, MUSCLE_ID) VALUES (268, 170, 14);
Insert into EXERCISES_MUSCLES (ID, EXERCISE_ID, MUSCLE_ID) VALUES (269, 170, 13);
Insert into EXERCISES_MUSCLES (ID, EXERCISE_ID, MUSCLE_ID) VALUES (270, 170, 10);
Insert into EXERCISES_MUSCLES (ID, EXERCISE_ID, MUSCLE_ID) VALUES (271, 170, 9);
Insert into EXERCISES_MUSCLES (ID, EXERCISE_ID, MUSCLE_ID) VALUES (272, 171, 16);
Insert into EXERCISES_MUSCLES (ID, EXERCISE_ID, MUSCLE_ID) VALUES (273, 171, 14);
Insert into EXERCISES_MUSCLES (ID, EXERCISE_ID, MUSCLE_ID) VALUES (274, 171, 13);
Insert into EXERCISES_MUSCLES (ID, EXERCISE_ID, MUSCLE_ID) VALUES (275, 171, 10);
Insert into EXERCISES_MUSCLES (ID, EXERCISE_ID, MUSCLE_ID) VALUES (276, 171, 7);
Insert into EXERCISES_MUSCLES (ID, EXERCISE_ID, MUSCLE_ID) VALUES (277, 171, 17);
Insert into EXERCISES_MUSCLES (ID, EXERCISE_ID, MUSCLE_ID) VALUES (340, 172, 7);
Insert into EXERCISES_MUSCLES (ID, EXERCISE_ID, MUSCLE_ID) VALUES (341, 172, 8);
Insert into EXERCISES_MUSCLES (ID, EXERCISE_ID, MUSCLE_ID) VALUES (342, 172, 3);
Insert into EXERCISES_MUSCLES (ID, EXERCISE_ID, MUSCLE_ID) VALUES (343, 172, 16);
Insert into EXERCISES_MUSCLES (ID, EXERCISE_ID, MUSCLE_ID) VALUES (344, 174, 5);
Insert into EXERCISES_MUSCLES (ID, EXERCISE_ID, MUSCLE_ID) VALUES (345, 174, 2);
Insert into EXERCISES_MUSCLES (ID, EXERCISE_ID, MUSCLE_ID) VALUES (346, 174, 10);
Insert into EXERCISES_MUSCLES (ID, EXERCISE_ID, MUSCLE_ID) VALUES (347, 175, 5);
Insert into EXERCISES_MUSCLES (ID, EXERCISE_ID, MUSCLE_ID) VALUES (348, 175, 2);
Insert into EXERCISES_MUSCLES (ID, EXERCISE_ID, MUSCLE_ID) VALUES (349, 176, 5);
Insert into EXERCISES_MUSCLES (ID, EXERCISE_ID, MUSCLE_ID) VALUES (350, 176, 2);
Insert into EXERCISES_MUSCLES (ID, EXERCISE_ID, MUSCLE_ID) VALUES (351, 176, 10);
Insert into EXERCISES_MUSCLES (ID, EXERCISE_ID, MUSCLE_ID) VALUES (352, 177, 5);
Insert into EXERCISES_MUSCLES (ID, EXERCISE_ID, MUSCLE_ID) VALUES (353, 177, 2);
Insert into EXERCISES_MUSCLES (ID, EXERCISE_ID, MUSCLE_ID) VALUES (354, 177, 10);
Insert into EXERCISES_MUSCLES (ID, EXERCISE_ID, MUSCLE_ID) VALUES (355, 178, 5);
Insert into EXERCISES_MUSCLES (ID, EXERCISE_ID, MUSCLE_ID) VALUES (356, 178, 2);
Insert into EXERCISES_MUSCLES (ID, EXERCISE_ID, MUSCLE_ID) VALUES (357, 178, 10);
Insert into EXERCISES_MUSCLES (ID, EXERCISE_ID, MUSCLE_ID) VALUES (358, 179, 14);
Insert into EXERCISES_MUSCLES (ID, EXERCISE_ID, MUSCLE_ID) VALUES (359, 179, 13);
Insert into EXERCISES_MUSCLES (ID, EXERCISE_ID, MUSCLE_ID) VALUES (360, 179, 10);
Insert into EXERCISES_MUSCLES (ID, EXERCISE_ID, MUSCLE_ID) VALUES (361, 179, 16);
Insert into EXERCISES_MUSCLES (ID, EXERCISE_ID, MUSCLE_ID) VALUES (401, 50, 13);
Insert into EXERCISES_MUSCLES (ID, EXERCISE_ID, MUSCLE_ID) VALUES (402, 50, 14);
Insert into EXERCISES_MUSCLES (ID, EXERCISE_ID, MUSCLE_ID) VALUES (403, 50, 16);
Insert into EXERCISES_MUSCLES (ID, EXERCISE_ID, MUSCLE_ID) VALUES (404, 50, 17);
Insert into EXERCISES_MUSCLES (ID, EXERCISE_ID, MUSCLE_ID) VALUES (405, 302, 13);
Insert into EXERCISES_MUSCLES (ID, EXERCISE_ID, MUSCLE_ID) VALUES (406, 302, 14);
Insert into EXERCISES_MUSCLES (ID, EXERCISE_ID, MUSCLE_ID) VALUES (407, 302, 16);
Insert into EXERCISES_MUSCLES (ID, EXERCISE_ID, MUSCLE_ID) VALUES (309, 259, 10);
Insert into EXERCISES_MUSCLES (ID, EXERCISE_ID, MUSCLE_ID) VALUES (310, 259, 11);
Insert into EXERCISES_MUSCLES (ID, EXERCISE_ID, MUSCLE_ID) VALUES (311, 259, 14);
Insert into EXERCISES_MUSCLES (ID, EXERCISE_ID, MUSCLE_ID) VALUES (312, 259, 16);
Insert into EXERCISES_MUSCLES (ID, EXERCISE_ID, MUSCLE_ID) VALUES (313, 259, 17);
Insert into EXERCISES_MUSCLES (ID, EXERCISE_ID, MUSCLE_ID) VALUES (314, 260, 1);
Insert into EXERCISES_MUSCLES (ID, EXERCISE_ID, MUSCLE_ID) VALUES (315, 260, 2);
Insert into EXERCISES_MUSCLES (ID, EXERCISE_ID, MUSCLE_ID) VALUES (316, 260, 3);
Insert into EXERCISES_MUSCLES (ID, EXERCISE_ID, MUSCLE_ID) VALUES (317, 260, 6);
Insert into EXERCISES_MUSCLES (ID, EXERCISE_ID, MUSCLE_ID) VALUES (318, 260, 13);
Insert into EXERCISES_MUSCLES (ID, EXERCISE_ID, MUSCLE_ID) VALUES (319, 261, 10);
Insert into EXERCISES_MUSCLES (ID, EXERCISE_ID, MUSCLE_ID) VALUES (320, 261, 11);
Insert into EXERCISES_MUSCLES (ID, EXERCISE_ID, MUSCLE_ID) VALUES (321, 261, 14);
Insert into EXERCISES_MUSCLES (ID, EXERCISE_ID, MUSCLE_ID) VALUES (322, 261, 16);
Insert into EXERCISES_MUSCLES (ID, EXERCISE_ID, MUSCLE_ID) VALUES (323, 261, 17);
Insert into EXERCISES_MUSCLES (ID, EXERCISE_ID, MUSCLE_ID) VALUES (324, 262, 10);
Insert into EXERCISES_MUSCLES (ID, EXERCISE_ID, MUSCLE_ID) VALUES (325, 262, 14);
Insert into EXERCISES_MUSCLES (ID, EXERCISE_ID, MUSCLE_ID) VALUES (326, 262, 16);
Insert into EXERCISES_MUSCLES (ID, EXERCISE_ID, MUSCLE_ID) VALUES (327, 262, 17);
Insert into EXERCISES_MUSCLES (ID, EXERCISE_ID, MUSCLE_ID) VALUES (328, 263, 10);
Insert into EXERCISES_MUSCLES (ID, EXERCISE_ID, MUSCLE_ID) VALUES (329, 263, 14);
Insert into EXERCISES_MUSCLES (ID, EXERCISE_ID, MUSCLE_ID) VALUES (330, 263, 16);
Insert into EXERCISES_MUSCLES (ID, EXERCISE_ID, MUSCLE_ID) VALUES (331, 263, 17);
Insert into EXERCISES_MUSCLES (ID, EXERCISE_ID, MUSCLE_ID) VALUES (332, 264, 10);
Insert into EXERCISES_MUSCLES (ID, EXERCISE_ID, MUSCLE_ID) VALUES (333, 264, 14);
Insert into EXERCISES_MUSCLES (ID, EXERCISE_ID, MUSCLE_ID) VALUES (334, 264, 16);
Insert into EXERCISES_MUSCLES (ID, EXERCISE_ID, MUSCLE_ID) VALUES (335, 264, 17);
Insert into EXERCISES_MUSCLES (ID, EXERCISE_ID, MUSCLE_ID) VALUES (336, 265, 10);
Insert into EXERCISES_MUSCLES (ID, EXERCISE_ID, MUSCLE_ID) VALUES (337, 265, 14);
Insert into EXERCISES_MUSCLES (ID, EXERCISE_ID, MUSCLE_ID) VALUES (338, 265, 16);
Insert into EXERCISES_MUSCLES (ID, EXERCISE_ID, MUSCLE_ID) VALUES (339, 265, 17);
Insert into EXERCISES_MUSCLES (ID, EXERCISE_ID, MUSCLE_ID) VALUES (408, 302, 17);

Insert into WORKOUTS (WORKOUT_ID,START_DATETIME,USERNAME,END_DATETIME,DESCRIPTION,CREATED_DATETIME,IS_POSTED,SCHEDULE) values ('71',to_timestamp('24/12/04 23:00:00.000000000','RR/MM/DD HH24:MI:SS.FF'),'skuter',to_timestamp('24/12/05 16:00:00.000000000','RR/MM/DD HH24:MI:SS.FF'),'harder better faster stronger',to_timestamp('25/01/16 17:06:58.538735000','RR/MM/DD HH24:MI:SS.FF'),'0', 0);
Insert into WORKOUTS (WORKOUT_ID,START_DATETIME,USERNAME,END_DATETIME,DESCRIPTION,CREATED_DATETIME,IS_POSTED,SCHEDULE) values ('2',to_timestamp('24/01/31 23:00:00.000000000','RR/MM/DD HH24:MI:SS.FF'),'pedziwiatr',to_timestamp('24/12/06 23:00:00.000000000','RR/MM/DD HH24:MI:SS.FF'),'ugabuga',to_timestamp('24/12/03 15:28:00.012175000','RR/MM/DD HH24:MI:SS.FF'),'0', 0);
Insert into WORKOUTS (WORKOUT_ID,START_DATETIME,USERNAME,END_DATETIME,DESCRIPTION,CREATED_DATETIME,IS_POSTED,SCHEDULE) values ('3',to_timestamp('24/11/30 17:00:00.000000000','RR/MM/DD HH24:MI:SS.FF'),'pedziwiatr',to_timestamp('24/11/30 18:30:00.000000000','RR/MM/DD HH24:MI:SS.FF'),'amazing push day',to_timestamp('24/12/04 01:20:56.984848000','RR/MM/DD HH24:MI:SS.FF'),'0', 0);
Insert into WORKOUTS (WORKOUT_ID,START_DATETIME,USERNAME,END_DATETIME,DESCRIPTION,CREATED_DATETIME,IS_POSTED,SCHEDULE) values ('6',to_timestamp('24/07/15 08:00:00.000000000','RR/MM/DD HH24:MI:SS.FF'),'pedziwiatr',to_timestamp('24/07/15 10:00:00.000000000','RR/MM/DD HH24:MI:SS.FF'),'growing out wings',to_timestamp('24/12/04 17:42:11.194051000','RR/MM/DD HH24:MI:SS.FF'),'1', 0);
Insert into WORKOUTS (WORKOUT_ID,START_DATETIME,USERNAME,END_DATETIME,DESCRIPTION,CREATED_DATETIME,IS_POSTED,SCHEDULE) values ('72',to_timestamp('24/12/11 23:00:00.000000000','RR/MM/DD HH24:MI:SS.FF'),'skuter',to_timestamp('24/12/12 14:00:00.000000000','RR/MM/DD HH24:MI:SS.FF'),'sigma workout',to_timestamp('25/01/16 17:13:38.250215000','RR/MM/DD HH24:MI:SS.FF'),'1', 0);
Insert into WORKOUTS (WORKOUT_ID,START_DATETIME,USERNAME,END_DATETIME,DESCRIPTION,CREATED_DATETIME,IS_POSTED,SCHEDULE) values ('98',to_timestamp('25/01/19 00:00:00.000000000','RR/MM/DD HH24:MI:SS.FF'),'mandrysz',to_timestamp('25/01/19 00:00:00.000000000','RR/MM/DD HH24:MI:SS.FF'),'New3',to_timestamp('25/01/19 01:48:06.695187000','RR/MM/DD HH24:MI:SS.FF'),'1', 0);
Insert into WORKOUTS (WORKOUT_ID,START_DATETIME,USERNAME,END_DATETIME,DESCRIPTION,CREATED_DATETIME,IS_POSTED,SCHEDULE) values ('54',to_timestamp('25/01/15 03:14:00.000000000','RR/MM/DD HH24:MI:SS.FF'),'milosz',to_timestamp('25/01/15 07:34:00.000000000','RR/MM/DD HH24:MI:SS.FF'),'more kgs',to_timestamp('25/01/16 00:14:57.212164000','RR/MM/DD HH24:MI:SS.FF'),'0', 0);
Insert into WORKOUTS (WORKOUT_ID,START_DATETIME,USERNAME,END_DATETIME,DESCRIPTION,CREATED_DATETIME,IS_POSTED,SCHEDULE) values ('82',to_timestamp('24/01/20 00:00:00.000000000','RR/MM/DD HH24:MI:SS.FF'),'skuter',to_timestamp('24/01/20 02:10:00.000000000','RR/MM/DD HH24:MI:SS.FF'),null,to_timestamp('25/01/18 15:43:58.597965000','RR/MM/DD HH24:MI:SS.FF'),'0', 0);
Insert into WORKOUTS (WORKOUT_ID,START_DATETIME,USERNAME,END_DATETIME,DESCRIPTION,CREATED_DATETIME,IS_POSTED,SCHEDULE) values ('97',to_timestamp('25/01/19 00:00:00.000000000','RR/MM/DD HH24:MI:SS.FF'),'mandrysz',to_timestamp('25/01/19 00:00:00.000000000','RR/MM/DD HH24:MI:SS.FF'),'New3',to_timestamp('25/01/19 01:44:26.468488000','RR/MM/DD HH24:MI:SS.FF'),'0', 0);
Insert into WORKOUTS (WORKOUT_ID,START_DATETIME,USERNAME,END_DATETIME,DESCRIPTION,CREATED_DATETIME,IS_POSTED,SCHEDULE) values ('90',to_timestamp('25/01/17 03:15:00.000000000','RR/MM/DD HH24:MI:SS.FF'),'skuter',to_timestamp('25/01/18 03:14:00.000000000','RR/MM/DD HH24:MI:SS.FF'),'copied',to_timestamp('25/01/19 01:13:27.124846000','RR/MM/DD HH24:MI:SS.FF'),'0', 0);
Insert into WORKOUTS (WORKOUT_ID,START_DATETIME,USERNAME,END_DATETIME,DESCRIPTION,CREATED_DATETIME,IS_POSTED,SCHEDULE) values ('48',to_timestamp('24/01/15 03:14:00.000000000','RR/MM/DD HH24:MI:SS.FF'),'milosz',to_timestamp('24/01/15 10:26:00.000000000','RR/MM/DD HH24:MI:SS.FF'),'testing new exercises',to_timestamp('25/01/15 22:21:23.827406000','RR/MM/DD HH24:MI:SS.FF'),'1', 0);
Insert into WORKOUTS (WORKOUT_ID,START_DATETIME,USERNAME,END_DATETIME,DESCRIPTION,CREATED_DATETIME,IS_POSTED,SCHEDULE) values ('96',to_timestamp('25/01/19 00:00:00.000000000','RR/MM/DD HH24:MI:SS.FF'),'mandrysz',to_timestamp('25/01/19 00:00:00.000000000','RR/MM/DD HH24:MI:SS.FF'),'New2',to_timestamp('25/01/19 01:43:25.125303000','RR/MM/DD HH24:MI:SS.FF'),'0', 0);
Insert into WORKOUTS (WORKOUT_ID,START_DATETIME,USERNAME,END_DATETIME,DESCRIPTION,CREATED_DATETIME,IS_POSTED,SCHEDULE) values ('68',to_timestamp('25/01/08 03:15:00.000000000','RR/MM/DD HH24:MI:SS.FF'),'milosz',to_timestamp('25/01/16 08:38:00.000000000','RR/MM/DD HH24:MI:SS.FF'),'gym is my passion',to_timestamp('25/01/16 14:34:05.511273000','RR/MM/DD HH24:MI:SS.FF'),'1', 0);
Insert into WORKOUTS (WORKOUT_ID,START_DATETIME,USERNAME,END_DATETIME,DESCRIPTION,CREATED_DATETIME,IS_POSTED,SCHEDULE) values ('70',to_timestamp('24/12/01 22:00:00.000000000','RR/MM/DD HH24:MI:SS.FF'),'skuter',to_timestamp('24/12/01 23:00:00.000000000','RR/MM/DD HH24:MI:SS.FF'),'first workout in decemberr',to_timestamp('25/01/16 16:58:42.641339000','RR/MM/DD HH24:MI:SS.FF'),'0', 0);

Insert into WORKOUTS (WORKOUT_ID,START_DATETIME,USERNAME,END_DATETIME,DESCRIPTION,CREATED_DATETIME,IS_POSTED,SCHEDULE) values ('104',to_timestamp('24/12/01 17:00:00.000000000','RR/MM/DD HH24:MI:SS.FF'),'pedziwiatr',to_timestamp('24/12/01 18:30:00.000000000','RR/MM/DD HH24:MI:SS.FF'),'Standard Push Day',to_timestamp('25/01/22 10:01:00.000000000','RR/MM/DD HH24:MI:SS.FF'),'0', 0);
Insert into WORKOUTS (WORKOUT_ID,START_DATETIME,USERNAME,END_DATETIME,DESCRIPTION,CREATED_DATETIME,IS_POSTED,SCHEDULE) values ('105',to_timestamp('24/12/03 18:00:00.000000000','RR/MM/DD HH24:MI:SS.FF'),'pedziwiatr',to_timestamp('24/12/03 19:30:00.000000000','RR/MM/DD HH24:MI:SS.FF'),'Standard Pull Day',to_timestamp('25/01/22 10:01:01.000000000','RR/MM/DD HH24:MI:SS.FF'),'0', 0);
Insert into WORKOUTS (WORKOUT_ID,START_DATETIME,USERNAME,END_DATETIME,DESCRIPTION,CREATED_DATETIME,IS_POSTED,SCHEDULE) values ('106',to_timestamp('24/12/05 16:00:00.000000000','RR/MM/DD HH24:MI:SS.FF'),'pedziwiatr',to_timestamp('24/12/05 17:30:00.000000000','RR/MM/DD HH24:MI:SS.FF'),'Low Reps Squat Focus',to_timestamp('25/01/23 10:01:02.000000000','RR/MM/DD HH24:MI:SS.FF'),'0', 0);
Insert into WORKOUTS (WORKOUT_ID,START_DATETIME,USERNAME,END_DATETIME,DESCRIPTION,CREATED_DATETIME,IS_POSTED,SCHEDULE) values ('107',to_timestamp('24/12/07 09:00:00.000000000','RR/MM/DD HH24:MI:SS.FF'),'pedziwiatr',to_timestamp('24/12/07 10:30:00.000000000','RR/MM/DD HH24:MI:SS.FF'),'Full Body Activation',to_timestamp('25/01/23 10:01:03.000000000','RR/MM/DD HH24:MI:SS.FF'),'0', 0);
Insert into WORKOUTS (WORKOUT_ID,START_DATETIME,USERNAME,END_DATETIME,DESCRIPTION,CREATED_DATETIME,IS_POSTED,SCHEDULE) values ('108',to_timestamp('24/12/11 17:30:00.000000000','RR/MM/DD HH24:MI:SS.FF'),'pedziwiatr',to_timestamp('24/12/09 19:00:00.000000000','RR/MM/DD HH24:MI:SS.FF'),'Shoulder Power Day',to_timestamp('25/01/24 10:01:04.000000000','RR/MM/DD HH24:MI:SS.FF'),'1', 0);
Insert into WORKOUTS (WORKOUT_ID,START_DATETIME,USERNAME,END_DATETIME,DESCRIPTION,CREATED_DATETIME,IS_POSTED,SCHEDULE) values ('109',to_timestamp('24/12/11 19:00:00.000000000','RR/MM/DD HH24:MI:SS.FF'),'pedziwiatr',to_timestamp('24/12/11 21:00:00.000000000','RR/MM/DD HH24:MI:SS.FF'),'Heavy Deadlift Session',to_timestamp('25/01/24 10:01:05.000000000','RR/MM/DD HH24:MI:SS.FF'),'0', 0);
Insert into WORKOUTS (WORKOUT_ID,START_DATETIME,USERNAME,END_DATETIME,DESCRIPTION,CREATED_DATETIME,IS_POSTED,SCHEDULE) values ('110',to_timestamp('24/12/13 15:00:00.000000000','RR/MM/DD HH24:MI:SS.FF'),'pedziwiatr',to_timestamp('24/12/13 16:30:00.000000000','RR/MM/DD HH24:MI:SS.FF'),'Leg Press Volume Day',to_timestamp('25/01/25 10:01:06.000000000','RR/MM/DD HH24:MI:SS.FF'),'1', 0);
Insert into WORKOUTS (WORKOUT_ID,START_DATETIME,USERNAME,END_DATETIME,DESCRIPTION,CREATED_DATETIME,IS_POSTED,SCHEDULE) values ('111',to_timestamp('25/01/05 10:00:00.000000000','RR/MM/DD HH24:MI:SS.FF'),'pedziwiatr',to_timestamp('25/01/05 11:30:00.000000000','RR/MM/DD HH24:MI:SS.FF'),'Lower Tonnage Week',to_timestamp('25/01/25 10:01:07.000000000','RR/MM/DD HH24:MI:SS.FF'),'0', 0);
Insert into WORKOUTS (WORKOUT_ID,START_DATETIME,USERNAME,END_DATETIME,DESCRIPTION,CREATED_DATETIME,IS_POSTED,SCHEDULE) values ('112',to_timestamp('25/01/07 18:00:00.000000000','RR/MM/DD HH24:MI:SS.FF'),'pedziwiatr',to_timestamp('25/01/07 19:30:00.000000000','RR/MM/DD HH24:MI:SS.FF'),'Heavy Bench Focus',to_timestamp('25/01/26 10:01:08.000000000','RR/MM/DD HH24:MI:SS.FF'),'1', 0);
Insert into WORKOUTS (WORKOUT_ID,START_DATETIME,USERNAME,END_DATETIME,DESCRIPTION,CREATED_DATETIME,IS_POSTED,SCHEDULE) values ('113',to_timestamp('25/10/09 17:30:00.000000000','RR/MM/DD HH24:MI:SS.FF'),'pedziwiatr',to_timestamp('25/01/09 19:00:00.000000000','RR/MM/DD HH24:MI:SS.FF'),'Wide Back Routine',to_timestamp('25/01/26 10:01:09.000000000','RR/MM/DD HH24:MI:SS.FF'),'0', 0);
Insert into WORKOUTS (WORKOUT_ID,START_DATETIME,USERNAME,END_DATETIME,DESCRIPTION,CREATED_DATETIME,IS_POSTED,SCHEDULE) values ('114',to_timestamp('25/01/11 18:00:00.000000000','RR/MM/DD HH24:MI:SS.FF'),'pedziwiatr',to_timestamp('25/01/11 19:30:00.000000000','RR/MM/DD HH24:MI:SS.FF'),'Bulgarian Split Squat Priority',to_timestamp('25/01/27 10:01:10.000000000','RR/MM/DD HH24:MI:SS.FF'),'0', 0);
Insert into WORKOUTS (WORKOUT_ID,START_DATETIME,USERNAME,END_DATETIME,DESCRIPTION,CREATED_DATETIME,IS_POSTED,SCHEDULE) values ('115',to_timestamp('25/01/11 17:00:00.000000000','RR/MM/DD HH24:MI:SS.FF'),'pedziwiatr',to_timestamp('25/01/13 18:30:00.000000000','RR/MM/DD HH24:MI:SS.FF'),'Max Reps Bench Test',to_timestamp('25/01/27 10:01:11.000000000','RR/MM/DD HH24:MI:SS.FF'),'1', 0);
Insert into WORKOUTS (WORKOUT_ID,START_DATETIME,USERNAME,END_DATETIME,DESCRIPTION,CREATED_DATETIME,IS_POSTED,SCHEDULE) values ('116',to_timestamp('25/10/15 19:00:00.000000000','RR/MM/DD HH24:MI:SS.FF'),'pedziwiatr',to_timestamp('25/01/15 20:30:00.000000000','RR/MM/DD HH24:MI:SS.FF'),'High Volume Pull',to_timestamp('25/01/28 10:01:12.000000000','RR/MM/DD HH24:MI:SS.FF'),'0', 0);
Insert into WORKOUTS (WORKOUT_ID,START_DATETIME,USERNAME,END_DATETIME,DESCRIPTION,CREATED_DATETIME,IS_POSTED,SCHEDULE) values ('117',to_timestamp('25/01/17 18:30:00.000000000','RR/MM/DD HH24:MI:SS.FF'),'pedziwiatr',to_timestamp('25/01/17 20:00:00.000000000','RR/MM/DD HH24:MI:SS.FF'),'High Rep Squat Burn',to_timestamp('25/01/28 10:01:13.000000000','RR/MM/DD HH24:MI:SS.FF'),'0', 0);
Insert into WORKOUTS (WORKOUT_ID,START_DATETIME,USERNAME,END_DATETIME,DESCRIPTION,CREATED_DATETIME,IS_POSTED,SCHEDULE) values ('118',to_timestamp('25/01/19 17:00:00.000000000','RR/MM/DD HH24:MI:SS.FF'),'pedziwiatr',to_timestamp('25/01/19 18:00:00.000000000','RR/MM/DD HH24:MI:SS.FF'),'Deload Push',to_timestamp('25/01/29 10:01:14.000000000','RR/MM/DD HH24:MI:SS.FF'),'0', 0);
Insert into WORKOUTS (WORKOUT_ID,START_DATETIME,USERNAME,END_DATETIME,DESCRIPTION,CREATED_DATETIME,IS_POSTED,SCHEDULE) values ('119',to_timestamp('25/01/21 18:00:00.000000000','RR/MM/DD HH24:MI:SS.FF'),'pedziwiatr',to_timestamp('25/01/21 19:00:00.000000000','RR/MM/DD HH24:MI:SS.FF'),'Deload Pull',to_timestamp('25/01/29 10:01:15.000000000','RR/MM/DD HH24:MI:SS.FF'),'0', 0);
Insert into WORKOUTS (WORKOUT_ID,START_DATETIME,USERNAME,END_DATETIME,DESCRIPTION,CREATED_DATETIME,IS_POSTED,SCHEDULE) values ('120',to_timestamp('25/01/23 15:30:00.000000000','RR/MM/DD HH24:MI:SS.FF'),'pedziwiatr',to_timestamp('25/01/23 17:00:00.000000000','RR/MM/DD HH24:MI:SS.FF'),'Back Squat PR Day',to_timestamp('25/01/30 10:01:16.000000000','RR/MM/DD HH24:MI:SS.FF'),'1', 0);
Insert into WORKOUTS (WORKOUT_ID,START_DATETIME,USERNAME,END_DATETIME,DESCRIPTION,CREATED_DATETIME,IS_POSTED,SCHEDULE) values ('121',to_timestamp('25/01/25 10:00:00.000000000','RR/MM/DD HH24:MI:SS.FF'),'pedziwiatr',to_timestamp('25/01/25 11:30:00.000000000','RR/MM/DD HH24:MI:SS.FF'),'Active Recovery',to_timestamp('25/01/30 10:01:17.000000000','RR/MM/DD HH24:MI:SS.FF'),'0', 0);

Insert into WORKOUTS (WORKOUT_ID,START_DATETIME,USERNAME,END_DATETIME,DESCRIPTION,CREATED_DATETIME,IS_POSTED,SCHEDULE) values ('122',to_timestamp('24/10/28 17:00:00.000000000','RR/MM/DD HH24:MI:SS.FF'),'pedziwiatr',to_timestamp('24/10/28 18:30:00.000000000','RR/MM/DD HH24:MI:SS.FF'),'Push Day - Building Phase',to_timestamp('25/01/31 10:00:00.000000000','RR/MM/DD HH24:MI:SS.FF'),'0', 0);
Insert into WORKOUTS (WORKOUT_ID,START_DATETIME,USERNAME,END_DATETIME,DESCRIPTION,CREATED_DATETIME,IS_POSTED,SCHEDULE) values ('123',to_timestamp('24/11/04 17:30:00.000000000','RR/MM/DD HH24:MI:SS.FF'),'pedziwiatr',to_timestamp('24/11/04 19:00:00.000000000','RR/MM/DD HH24:MI:SS.FF'),'Leg Day - Squat Focus',to_timestamp('25/01/31 10:01:00.000000000','RR/MM/DD HH24:MI:SS.FF'),'0', 0);
Insert into WORKOUTS (WORKOUT_ID,START_DATETIME,USERNAME,END_DATETIME,DESCRIPTION,CREATED_DATETIME,IS_POSTED,SCHEDULE) values ('124',to_timestamp('24/11/11 18:00:00.000000000','RR/MM/DD HH24:MI:SS.FF'),'pedziwiatr',to_timestamp('24/11/11 19:30:00.000000000','RR/MM/DD HH24:MI:SS.FF'),'Heavy Pull Session',to_timestamp('25/01/31 10:02:00.000000000','RR/MM/DD HH24:MI:SS.FF'),'0', 0);
Insert into WORKOUTS (WORKOUT_ID,START_DATETIME,USERNAME,END_DATETIME,DESCRIPTION,CREATED_DATETIME,IS_POSTED,SCHEDULE) values ('125',to_timestamp('25/10/02 11:00:00.000000000','RR/MM/DD HH24:MI:SS.FF'),'pedziwiatr',to_timestamp('25/01/18 12:30:00.000000000','RR/MM/DD HH24:MI:SS.FF'),'Bench PR Attempt - 120kg!',to_timestamp('25/01/31 10:03:00.000000000','RR/MM/DD HH24:MI:SS.FF'),'1', 0);

Insert into WORKOUTS (WORKOUT_ID,START_DATETIME,USERNAME,END_DATETIME,DESCRIPTION,CREATED_DATETIME,IS_POSTED,SCHEDULE) values ('201',to_timestamp('24/10/04 18:00:00.000000000','RR/MM/DD HH24:MI:SS.FF'),'pedziwiatr',to_timestamp('24/10/04 19:30:00.000000000','RR/MM/DD HH24:MI:SS.FF'),'Squat Day',to_timestamp('24/10/04 20:00:00.000000000','RR/MM/DD HH24:MI:SS.FF'),'1', 0);
Insert into WORKOUTS (WORKOUT_ID,START_DATETIME,USERNAME,END_DATETIME,DESCRIPTION,CREATED_DATETIME,IS_POSTED,SCHEDULE) values ('202',to_timestamp('24/10/06 12:00:00.000000000','RR/MM/DD HH24:MI:SS.FF'),'pedziwiatr',to_timestamp('24/10/06 13:30:00.000000000','RR/MM/DD HH24:MI:SS.FF'),'Bench Focus',to_timestamp('24/10/06 14:00:00.000000000','RR/MM/DD HH24:MI:SS.FF'),'0', 0);
Insert into WORKOUTS (WORKOUT_ID,START_DATETIME,USERNAME,END_DATETIME,DESCRIPTION,CREATED_DATETIME,IS_POSTED,SCHEDULE) values ('203',to_timestamp('24/10/09 17:30:00.000000000','RR/MM/DD HH24:MI:SS.FF'),'pedziwiatr',to_timestamp('24/10/09 19:00:00.000000000','RR/MM/DD HH24:MI:SS.FF'),'Deadlift Day',to_timestamp('24/10/09 19:30:00.000000000','RR/MM/DD HH24:MI:SS.FF'),'1', 0);
Insert into WORKOUTS (WORKOUT_ID,START_DATETIME,USERNAME,END_DATETIME,DESCRIPTION,CREATED_DATETIME,IS_POSTED,SCHEDULE) values ('204',to_timestamp('24/10/11 19:00:00.000000000','RR/MM/DD HH24:MI:SS.FF'),'pedziwiatr',to_timestamp('24/10/11 20:30:00.000000000','RR/MM/DD HH24:MI:SS.FF'),'Leg Press Volume',to_timestamp('24/10/11 21:00:00.000000000','RR/MM/DD HH24:MI:SS.FF'),'0', 0);
Insert into WORKOUTS (WORKOUT_ID,START_DATETIME,USERNAME,END_DATETIME,DESCRIPTION,CREATED_DATETIME,IS_POSTED,SCHEDULE) values ('205',to_timestamp('24/10/13 10:00:00.000000000','RR/MM/DD HH24:MI:SS.FF'),'pedziwiatr',to_timestamp('24/10/13 11:30:00.000000000','RR/MM/DD HH24:MI:SS.FF'),'Incline Bench',to_timestamp('24/10/13 12:00:00.000000000','RR/MM/DD HH24:MI:SS.FF'),'0', 0);
Insert into WORKOUTS (WORKOUT_ID,START_DATETIME,USERNAME,END_DATETIME,DESCRIPTION,CREATED_DATETIME,IS_POSTED,SCHEDULE) values ('206',to_timestamp('24/10/16 17:00:00.000000000','RR/MM/DD HH24:MI:SS.FF'),'pedziwiatr',to_timestamp('24/10/16 18:30:00.000000000','RR/MM/DD HH24:MI:SS.FF'),'Back Hypertrophy',to_timestamp('24/10/16 19:00:00.000000000','RR/MM/DD HH24:MI:SS.FF'),'0', 0);
Insert into WORKOUTS (WORKOUT_ID,START_DATETIME,USERNAME,END_DATETIME,DESCRIPTION,CREATED_DATETIME,IS_POSTED,SCHEDULE) values ('207',to_timestamp('24/10/16 18:00:00.000000000','RR/MM/DD HH24:MI:SS.FF'),'pedziwiatr',to_timestamp('24/10/18 19:30:00.000000000','RR/MM/DD HH24:MI:SS.FF'),'Heavy Squats',to_timestamp('24/10/18 20:00:00.000000000','RR/MM/DD HH24:MI:SS.FF'),'1', 0);
Insert into WORKOUTS (WORKOUT_ID,START_DATETIME,USERNAME,END_DATETIME,DESCRIPTION,CREATED_DATETIME,IS_POSTED,SCHEDULE) values ('208',to_timestamp('24/10/20 13:00:00.000000000','RR/MM/DD HH24:MI:SS.FF'),'pedziwiatr',to_timestamp('24/10/20 14:30:00.000000000','RR/MM/DD HH24:MI:SS.FF'),'Chest and Shoulders',to_timestamp('24/10/20 15:00:00.000000000','RR/MM/DD HH24:MI:SS.FF'),'0', 0);
Insert into WORKOUTS (WORKOUT_ID,START_DATETIME,USERNAME,END_DATETIME,DESCRIPTION,CREATED_DATETIME,IS_POSTED,SCHEDULE) values ('209',to_timestamp('24/10/21 17:00:00.000000000','RR/MM/DD HH24:MI:SS.FF'),'pedziwiatr',to_timestamp('24/10/23 18:30:00.000000000','RR/MM/DD HH24:MI:SS.FF'),'Back Width',to_timestamp('24/10/23 19:00:00.000000000','RR/MM/DD HH24:MI:SS.FF'),'0', 0);
Insert into WORKOUTS (WORKOUT_ID,START_DATETIME,USERNAME,END_DATETIME,DESCRIPTION,CREATED_DATETIME,IS_POSTED,SCHEDULE) values ('210',to_timestamp('24/10/25 18:30:00.000000000','RR/MM/DD HH24:MI:SS.FF'),'pedziwiatr',to_timestamp('24/10/25 20:00:00.000000000','RR/MM/DD HH24:MI:SS.FF'),'RDL focus',to_timestamp('24/10/25 20:30:00.000000000','RR/MM/DD HH24:MI:SS.FF'),'0', 0);
Insert into WORKOUTS (WORKOUT_ID,START_DATETIME,USERNAME,END_DATETIME,DESCRIPTION,CREATED_DATETIME,IS_POSTED,SCHEDULE) values ('211',to_timestamp('24/10/31 16:00:00.000000000','RR/MM/DD HH24:MI:SS.FF'),'pedziwiatr',to_timestamp('24/10/31 17:30:00.000000000','RR/MM/DD HH24:MI:SS.FF'),'Halloween Pump',to_timestamp('24/10/31 18:00:00.000000000','RR/MM/DD HH24:MI:SS.FF'),'1', 0);
Insert into WORKOUTS (WORKOUT_ID,START_DATETIME,USERNAME,END_DATETIME,DESCRIPTION,CREATED_DATETIME,IS_POSTED,SCHEDULE) values ('212',to_timestamp('24/11/01 17:00:00.000000000','RR/MM/DD HH24:MI:SS.FF'),'pedziwiatr',to_timestamp('24/11/01 18:30:00.000000000','RR/MM/DD HH24:MI:SS.FF'),'Start of new block - Push A',to_timestamp('24/11/01 19:00:00.000000000','RR/MM/DD HH24:MI:SS.FF'),'0', 0);
Insert into WORKOUTS (WORKOUT_ID,START_DATETIME,USERNAME,END_DATETIME,DESCRIPTION,CREATED_DATETIME,IS_POSTED,SCHEDULE) values ('213',to_timestamp('24/11/06 18:00:00.000000000','RR/MM/DD HH24:MI:SS.FF'),'pedziwiatr',to_timestamp('24/11/06 19:30:00.000000000','RR/MM/DD HH24:MI:SS.FF'),'Pull A',to_timestamp('24/11/06 20:00:00.000000000','RR/MM/DD HH24:MI:SS.FF'),'0', 0);
Insert into WORKOUTS (WORKOUT_ID,START_DATETIME,USERNAME,END_DATETIME,DESCRIPTION,CREATED_DATETIME,IS_POSTED,SCHEDULE) values ('214',to_timestamp('24/11/08 17:00:00.000000000','RR/MM/DD HH24:MI:SS.FF'),'pedziwiatr',to_timestamp('24/11/08 18:30:00.000000000','RR/MM/DD HH24:MI:SS.FF'),'Legs B (Volume)',to_timestamp('24/11/08 19:00:00.000000000','RR/MM/DD HH24:MI:SS.FF'),'1', 0);
Insert into WORKOUTS (WORKOUT_ID,START_DATETIME,USERNAME,END_DATETIME,DESCRIPTION,CREATED_DATETIME,IS_POSTED,SCHEDULE) values ('215',to_timestamp('24/11/13 18:30:00.000000000','RR/MM/DD HH24:MI:SS.FF'),'pedziwiatr',to_timestamp('24/11/13 20:00:00.000000000','RR/MM/DD HH24:MI:SS.FF'),'Push B (Volume)',to_timestamp('24/11/13 20:30:00.000000000','RR/MM/DD HH24:MI:SS.FF'),'0', 0);
Insert into WORKOUTS (WORKOUT_ID,START_DATETIME,USERNAME,END_DATETIME,DESCRIPTION,CREATED_DATETIME,IS_POSTED,SCHEDULE) values ('216',to_timestamp('24/11/15 17:00:00.000000000','RR/MM/DD HH24:MI:SS.FF'),'pedziwiatr',to_timestamp('24/11/15 18:30:00.000000000','RR/MM/DD HH24:MI:SS.FF'),'Legs A (Strength)',to_timestamp('24/11/15 19:00:00.000000000','RR/MM/DD HH24:MI:SS.FF'),'0', 0);
Insert into WORKOUTS (WORKOUT_ID,START_DATETIME,USERNAME,END_DATETIME,DESCRIPTION,CREATED_DATETIME,IS_POSTED,SCHEDULE) values ('217',to_timestamp('24/11/18 19:00:00.000000000','RR/MM/DD HH24:MI:SS.FF'),'pedziwiatr',to_timestamp('24/11/18 20:30:00.000000000','RR/MM/DD HH24:MI:SS.FF'),'Push A (Strength)',to_timestamp('24/11/18 21:00:00.000000000','RR/MM/DD HH24:MI:SS.FF'),'1', 0);
Insert into WORKOUTS (WORKOUT_ID,START_DATETIME,USERNAME,END_DATETIME,DESCRIPTION,CREATED_DATETIME,IS_POSTED,SCHEDULE) values ('218',to_timestamp('24/10/21 17:00:00.000000000','RR/MM/DD HH24:MI:SS.FF'),'pedziwiatr',to_timestamp('24/11/20 18:30:00.000000000','RR/MM/DD HH24:MI:SS.FF'),'Pull A (Strength)',to_timestamp('24/11/20 19:00:00.000000000','RR/MM/DD HH24:MI:SS.FF'),'0', 0);
Insert into WORKOUTS (WORKOUT_ID,START_DATETIME,USERNAME,END_DATETIME,DESCRIPTION,CREATED_DATETIME,IS_POSTED,SCHEDULE) values ('219',to_timestamp('24/11/22 18:00:00.000000000','RR/MM/DD HH24:MI:SS.FF'),'pedziwiatr',to_timestamp('24/11/22 19:30:00.000000000','RR/MM/DD HH24:MI:SS.FF'),'Legs B (Volume)',to_timestamp('24/11/22 20:00:00.000000000','RR/MM/DD HH24:MI:SS.FF'),'0', 0);
Insert into WORKOUTS (WORKOUT_ID,START_DATETIME,USERNAME,END_DATETIME,DESCRIPTION,CREATED_DATETIME,IS_POSTED,SCHEDULE) values ('220',to_timestamp('24/11/25 17:30:00.000000000','RR/MM/DD HH24:MI:SS.FF'),'pedziwiatr',to_timestamp('24/11/25 19:00:00.000000000','RR/MM/DD HH24:MI:SS.FF'),'Push B (Volume)',to_timestamp('24/11/25 19:30:00.000000000','RR/MM/DD HH24:MI:SS.FF'),'0', 0);
Insert into WORKOUTS (WORKOUT_ID,START_DATETIME,USERNAME,END_DATETIME,DESCRIPTION,CREATED_DATETIME,IS_POSTED,SCHEDULE) values ('221',to_timestamp('24/11/27 18:00:00.000000000','RR/MM/DD HH24:MI:SS.FF'),'pedziwiatr',to_timestamp('24/11/27 19:30:00.000000000','RR/MM/DD HH24:MI:SS.FF'),'Pull B (Volume)',to_timestamp('24/11/27 20:00:00.000000000','RR/MM/DD HH24:MI:SS.FF'),'1', 0);
Insert into WORKOUTS (WORKOUT_ID,START_DATETIME,USERNAME,END_DATETIME,DESCRIPTION,CREATED_DATETIME,IS_POSTED,SCHEDULE) values ('222',to_timestamp('24/12/16 17:00:00.000000000','RR/MM/DD HH24:MI:SS.FF'),'pedziwiatr',to_timestamp('24/12/16 18:30:00.000000000','RR/MM/DD HH24:MI:SS.FF'),'Push A (Strength)',to_timestamp('24/12/16 19:00:00.000000000','RR/MM/DD HH24:MI:SS.FF'),'0', 0);
Insert into WORKOUTS (WORKOUT_ID,START_DATETIME,USERNAME,END_DATETIME,DESCRIPTION,CREATED_DATETIME,IS_POSTED,SCHEDULE) values ('223',to_timestamp('24/12/18 18:00:00.000000000','RR/MM/DD HH24:MI:SS.FF'),'pedziwiatr',to_timestamp('24/12/18 19:30:00.000000000','RR/MM/DD HH24:MI:SS.FF'),'Pull A (Strength)',to_timestamp('24/12/18 20:00:00.000000000','RR/MM/DD HH24:MI:SS.FF'),'1', 0);
Insert into WORKOUTS (WORKOUT_ID,START_DATETIME,USERNAME,END_DATETIME,DESCRIPTION,CREATED_DATETIME,IS_POSTED,SCHEDULE) values ('224',to_timestamp('24/12/20 17:00:00.000000000','RR/MM/DD HH24:MI:SS.FF'),'pedziwiatr',to_timestamp('24/12/20 18:30:00.000000000','RR/MM/DD HH24:MI:SS.FF'),'Legs B (Volume)',to_timestamp('24/12/20 19:00:00.000000000','RR/MM/DD HH24:MI:SS.FF'),'0', 0);
Insert into WORKOUTS (WORKOUT_ID,START_DATETIME,USERNAME,END_DATETIME,DESCRIPTION,CREATED_DATETIME,IS_POSTED,SCHEDULE) values ('225',to_timestamp('24/12/23 16:00:00.000000000','RR/MM/DD HH24:MI:SS.FF'),'pedziwiatr',to_timestamp('24/12/23 17:30:00.000000000','RR/MM/DD HH24:MI:SS.FF'),'Pre-Christmas Push',to_timestamp('24/12/23 18:00:00.000000000','RR/MM/DD HH24:MI:SS.FF'),'1', 0);
Insert into WORKOUTS (WORKOUT_ID,START_DATETIME,USERNAME,END_DATETIME,DESCRIPTION,CREATED_DATETIME,IS_POSTED,SCHEDULE) values ('226',to_timestamp('24/12/30 15:00:00.000000000','RR/MM/DD HH24:MI:SS.FF'),'pedziwiatr',to_timestamp('24/12/27 16:30:00.000000000','RR/MM/DD HH24:MI:SS.FF'),'Post-Christmas Pull',to_timestamp('24/12/27 17:00:00.000000000','RR/MM/DD HH24:MI:SS.FF'),'0', 0);
Insert into WORKOUTS (WORKOUT_ID,START_DATETIME,USERNAME,END_DATETIME,DESCRIPTION,CREATED_DATETIME,IS_POSTED,SCHEDULE) values ('227',to_timestamp('24/12/30 18:00:00.000000000','RR/MM/DD HH24:MI:SS.FF'),'pedziwiatr',to_timestamp('24/12/30 19:30:00.000000000','RR/MM/DD HH24:MI:SS.FF'),'Last Leg Day of 2024',to_timestamp('24/12/30 20:00:00.000000000','RR/MM/DD HH24:MI:SS.FF'),'1', 0);
Insert into WORKOUTS (WORKOUT_ID,START_DATETIME,USERNAME,END_DATETIME,DESCRIPTION,CREATED_DATETIME,IS_POSTED,SCHEDULE) values ('228',to_timestamp('25/01/02 17:00:00.000000000','RR/MM/DD HH24:MI:SS.FF'),'pedziwiatr',to_timestamp('25/01/02 18:30:00.000000000','RR/MM/DD HH24:MI:SS.FF'),'New Year Push',to_timestamp('25/01/02 19:00:00.000000000','RR/MM/DD HH24:MI:SS.FF'),'1', 0);
Insert into WORKOUTS (WORKOUT_ID,START_DATETIME,USERNAME,END_DATETIME,DESCRIPTION,CREATED_DATETIME,IS_POSTED,SCHEDULE) values ('229',to_timestamp('25/01/27 18:00:00.000000000','RR/MM/DD HH24:MI:SS.FF'),'pedziwiatr',to_timestamp('25/01/27 19:30:00.000000000','RR/MM/DD HH24:MI:SS.FF'),'Post-PR Deload Push',to_timestamp('25/01/27 20:00:00.000000000','RR/MM/DD HH24:MI:SS.FF'),'0', 0);
Insert into WORKOUTS (WORKOUT_ID,START_DATETIME,USERNAME,END_DATETIME,DESCRIPTION,CREATED_DATETIME,IS_POSTED,SCHEDULE) values ('230',to_timestamp('25/01/29 17:00:00.000000000','RR/MM/DD HH24:MI:SS.FF'),'pedziwiatr',to_timestamp('25/01/29 18:30:00.000000000','RR/MM/DD HH24:MI:SS.FF'),'Post-PR Deload Pull',to_timestamp('25/01/29 19:00:00.000000000','RR/MM/DD HH24:MI:SS.FF'),'0', 0);
Insert into WORKOUTS (WORKOUT_ID,START_DATETIME,USERNAME,END_DATETIME,DESCRIPTION,CREATED_DATETIME,IS_POSTED,SCHEDULE) values ('231',to_timestamp('25/01/31 16:00:00.000000000','RR/MM/DD HH24:MI:SS.FF'),'pedziwiatr',to_timestamp('25/01/31 17:30:00.000000000','RR/MM/DD HH24:MI:SS.FF'),'End of Jan Legs',to_timestamp('25/01/31 18:00:00.000000000','RR/MM/DD HH24:MI:SS.FF'),'1', 0);
Insert into WORKOUTS (WORKOUT_ID,START_DATETIME,USERNAME,END_DATETIME,DESCRIPTION,CREATED_DATETIME,IS_POSTED,SCHEDULE) values ('232',to_timestamp('24/12/30 08:00:00.000000000','RR/MM/DD HH24:MI:SS.FF'),'pedziwiatr',to_timestamp('24/10/07 08:45:00.000000000','RR/MM/DD HH24:MI:SS.FF'),'Morning Cardio',to_timestamp('24/10/07 09:00:00.000000000','RR/MM/DD HH24:MI:SS.FF'),'0', 0);
Insert into WORKOUTS (WORKOUT_ID,START_DATETIME,USERNAME,END_DATETIME,DESCRIPTION,CREATED_DATETIME,IS_POSTED,SCHEDULE) values ('233',to_timestamp('24/10/14 17:00:00.000000000','RR/MM/DD HH24:MI:SS.FF'),'pedziwiatr',to_timestamp('24/10/14 18:00:00.000000000','RR/MM/DD HH24:MI:SS.FF'),'Farmer Walks',to_timestamp('24/10/14 18:30:00.000000000','RR/MM/DD HH24:MI:SS.FF'),'0', 0);
Insert into WORKOUTS (WORKOUT_ID,START_DATETIME,USERNAME,END_DATETIME,DESCRIPTION,CREATED_DATETIME,IS_POSTED,SCHEDULE) values ('234',to_timestamp('24/10/21 19:00:00.000000000','RR/MM/DD HH24:MI:SS.FF'),'pedziwiatr',to_timestamp('24/10/21 19:45:00.000000000','RR/MM/DD HH24:MI:SS.FF'),'Active Recovery',to_timestamp('24/10/21 20:00:00.000000000','RR/MM/DD HH24:MI:SS.FF'),'0', 0);
Insert into WORKOUTS (WORKOUT_ID,START_DATETIME,USERNAME,END_DATETIME,DESCRIPTION,CREATED_DATETIME,IS_POSTED,SCHEDULE) values ('235',to_timestamp('24/11/17 11:00:00.000000000','RR/MM/DD HH24:MI:SS.FF'),'pedziwiatr',to_timestamp('24/11/17 12:00:00.000000000','RR/MM/DD HH24:MI:SS.FF'),'LISS Cardio',to_timestamp('24/11/17 12:30:00.000000000','RR/MM/DD HH24:MI:SS.FF'),'0', 0);
Insert into WORKOUTS (WORKOUT_ID,START_DATETIME,USERNAME,END_DATETIME,DESCRIPTION,CREATED_DATETIME,IS_POSTED,SCHEDULE) values ('236',to_timestamp('24/12/30 17:00:00.000000000','RR/MM/DD HH24:MI:SS.FF'),'pedziwiatr',to_timestamp('24/11/29 18:30:00.000000000','RR/MM/DD HH24:MI:SS.FF'),'Quick Full Body',to_timestamp('24/11/29 19:00:00.000000000','RR/MM/DD HH24:MI:SS.FF'),'0', 0);
Insert into WORKOUTS (WORKOUT_ID,START_DATETIME,USERNAME,END_DATETIME,DESCRIPTION,CREATED_DATETIME,IS_POSTED,SCHEDULE) values ('237',to_timestamp('24/12/24 10:00:00.000000000','RR/MM/DD HH24:MI:SS.FF'),'pedziwiatr',to_timestamp('24/12/24 10:45:00.000000000','RR/MM/DD HH24:MI:SS.FF'),'Christmas Eve Arms',to_timestamp('24/12/24 11:00:00.000000000','RR/MM/DD HH24:MI:SS.FF'),'1', 0);
Insert into WORKOUTS (WORKOUT_ID,START_DATETIME,USERNAME,END_DATETIME,DESCRIPTION,CREATED_DATETIME,IS_POSTED,SCHEDULE) values ('238',to_timestamp('24/10/21 11:00:00.000000000','RR/MM/DD HH24:MI:SS.FF'),'pedziwiatr',to_timestamp('24/12/31 12:00:00.000000000','RR/MM/DD HH24:MI:SS.FF'),'New Years Eve Run',to_timestamp('24/12/31 12:30:00.000000000','RR/MM/DD HH24:MI:SS.FF'),'0', 0);
Insert into WORKOUTS (WORKOUT_ID,START_DATETIME,USERNAME,END_DATETIME,DESCRIPTION,CREATED_DATETIME,IS_POSTED,SCHEDULE) values ('239',to_timestamp('25/01/04 14:00:00.000000000','RR/MM/DD HH24:MI:SS.FF'),'pedziwiatr',to_timestamp('25/01/04 15:30:00.000000000','RR/MM/DD HH24:MI:SS.FF'),'Full Body B',to_timestamp('25/01/04 16:00:00.000000000','RR/MM/DD HH24:MI:SS.FF'),'0', 0);

Insert into ACTIVITIES (ACTIVITY_ID,EXERCISE_ID,REPS,WEIGHT,DURATION,WORKOUT_ID) values ('309','7','12','12',to_timestamp('25/01/19 00:00:00.000000000','RR/MM/DD HH24:MI:SS.FF'),'97');
Insert into ACTIVITIES (ACTIVITY_ID,EXERCISE_ID,REPS,WEIGHT,DURATION,WORKOUT_ID) values ('304','7','123','132',to_timestamp('25/01/19 00:00:00.000000000','RR/MM/DD HH24:MI:SS.FF'),'90');
Insert into ACTIVITIES (ACTIVITY_ID,EXERCISE_ID,REPS,WEIGHT,DURATION,WORKOUT_ID) values ('247','73','0','0',to_timestamp('25/01/16 02:00:00.000000000','RR/MM/DD HH24:MI:SS.FF'),'70');
Insert into ACTIVITIES (ACTIVITY_ID,EXERCISE_ID,REPS,WEIGHT,DURATION,WORKOUT_ID) values ('248','72','0','0',to_timestamp('25/01/16 01:00:00.000000000','RR/MM/DD HH24:MI:SS.FF'),'70');
Insert into ACTIVITIES (ACTIVITY_ID,EXERCISE_ID,REPS,WEIGHT,DURATION,WORKOUT_ID) values ('249','20','40','60',to_timestamp('25/01/16 00:00:00.000000000','RR/MM/DD HH24:MI:SS.FF'),'70');
Insert into ACTIVITIES (ACTIVITY_ID,EXERCISE_ID,REPS,WEIGHT,DURATION,WORKOUT_ID) values ('250','14','30','40',to_timestamp('25/01/16 00:00:00.000000000','RR/MM/DD HH24:MI:SS.FF'),'70');
Insert into ACTIVITIES (ACTIVITY_ID,EXERCISE_ID,REPS,WEIGHT,DURATION,WORKOUT_ID) values ('251','39','30','20',to_timestamp('25/01/16 00:00:00.000000000','RR/MM/DD HH24:MI:SS.FF'),'70');
Insert into ACTIVITIES (ACTIVITY_ID,EXERCISE_ID,REPS,WEIGHT,DURATION,WORKOUT_ID) values ('252','54','20','200',to_timestamp('25/01/16 00:00:00.000000000','RR/MM/DD HH24:MI:SS.FF'),'71');
Insert into ACTIVITIES (ACTIVITY_ID,EXERCISE_ID,REPS,WEIGHT,DURATION,WORKOUT_ID) values ('253','261','0','50',to_timestamp('25/01/16 00:10:00.000000000','RR/MM/DD HH24:MI:SS.FF'),'71');
Insert into ACTIVITIES (ACTIVITY_ID,EXERCISE_ID,REPS,WEIGHT,DURATION,WORKOUT_ID) values ('254','262','0','100',to_timestamp('25/01/16 00:30:00.000000000','RR/MM/DD HH24:MI:SS.FF'),'72');
Insert into ACTIVITIES (ACTIVITY_ID,EXERCISE_ID,REPS,WEIGHT,DURATION,WORKOUT_ID) values ('255','1','12','60',to_timestamp('25/01/16 00:00:00.000000000','RR/MM/DD HH24:MI:SS.FF'),'72');
Insert into ACTIVITIES (ACTIVITY_ID,EXERCISE_ID,REPS,WEIGHT,DURATION,WORKOUT_ID) values ('256','1','12','60',to_timestamp('25/01/16 00:00:00.000000000','RR/MM/DD HH24:MI:SS.FF'),'72');
Insert into ACTIVITIES (ACTIVITY_ID,EXERCISE_ID,REPS,WEIGHT,DURATION,WORKOUT_ID) values ('257','1','12','60',to_timestamp('25/01/16 00:00:00.000000000','RR/MM/DD HH24:MI:SS.FF'),'72');
Insert into ACTIVITIES (ACTIVITY_ID,EXERCISE_ID,REPS,WEIGHT,DURATION,WORKOUT_ID) values ('258','8','10','50',to_timestamp('25/01/16 00:00:00.000000000','RR/MM/DD HH24:MI:SS.FF'),'72');
Insert into ACTIVITIES (ACTIVITY_ID,EXERCISE_ID,REPS,WEIGHT,DURATION,WORKOUT_ID) values ('259','8','10','55',to_timestamp('25/01/16 00:00:00.000000000','RR/MM/DD HH24:MI:SS.FF'),'72');
Insert into ACTIVITIES (ACTIVITY_ID,EXERCISE_ID,REPS,WEIGHT,DURATION,WORKOUT_ID) values ('260','6','12','40',to_timestamp('25/01/16 00:00:00.000000000','RR/MM/DD HH24:MI:SS.FF'),'2');
Insert into ACTIVITIES (ACTIVITY_ID,EXERCISE_ID,REPS,WEIGHT,DURATION,WORKOUT_ID) values ('261','64','15','50',to_timestamp('25/01/16 00:00:00.000000000','RR/MM/DD HH24:MI:SS.FF'),'6');
Insert into ACTIVITIES (ACTIVITY_ID,EXERCISE_ID,REPS,WEIGHT,DURATION,WORKOUT_ID) values ('310','66','0','0',to_timestamp('25/01/19 12:00:00.000000000','RR/MM/DD HH24:MI:SS.FF'),'97');
Insert into ACTIVITIES (ACTIVITY_ID,EXERCISE_ID,REPS,WEIGHT,DURATION,WORKOUT_ID) values ('302','73','0','0',to_timestamp('25/01/18 12:00:00.000000000','RR/MM/DD HH24:MI:SS.FF'),'82');
Insert into ACTIVITIES (ACTIVITY_ID,EXERCISE_ID,REPS,WEIGHT,DURATION,WORKOUT_ID) values ('307','7','12','12',to_timestamp('25/01/19 00:00:00.000000000','RR/MM/DD HH24:MI:SS.FF'),'96');
Insert into ACTIVITIES (ACTIVITY_ID,EXERCISE_ID,REPS,WEIGHT,DURATION,WORKOUT_ID) values ('265','21','20','40',to_timestamp('24/12/01 00:00:00.000000000','RR/MM/DD HH24:MI:SS.FF'),'71');
Insert into ACTIVITIES (ACTIVITY_ID,EXERCISE_ID,REPS,WEIGHT,DURATION,WORKOUT_ID) values ('266','21','16','40',to_timestamp('24/12/01 00:00:00.000000000','RR/MM/DD HH24:MI:SS.FF'),'71');
Insert into ACTIVITIES (ACTIVITY_ID,EXERCISE_ID,REPS,WEIGHT,DURATION,WORKOUT_ID) values ('267','21','12','40',to_timestamp('24/12/01 00:00:00.000000000','RR/MM/DD HH24:MI:SS.FF'),'71');
Insert into ACTIVITIES (ACTIVITY_ID,EXERCISE_ID,REPS,WEIGHT,DURATION,WORKOUT_ID) values ('268','21','8','40',to_timestamp('24/12/01 00:00:00.000000000','RR/MM/DD HH24:MI:SS.FF'),'71');
Insert into ACTIVITIES (ACTIVITY_ID,EXERCISE_ID,REPS,WEIGHT,DURATION,WORKOUT_ID) values ('269','21','5','40',to_timestamp('24/12/01 00:00:00.000000000','RR/MM/DD HH24:MI:SS.FF'),'71');
Insert into ACTIVITIES (ACTIVITY_ID,EXERCISE_ID,REPS,WEIGHT,DURATION,WORKOUT_ID) values ('270','23','12','15',to_timestamp('24/12/01 00:00:00.000000000','RR/MM/DD HH24:MI:SS.FF'),'71');
Insert into ACTIVITIES (ACTIVITY_ID,EXERCISE_ID,REPS,WEIGHT,DURATION,WORKOUT_ID) values ('271','23','10','15',to_timestamp('24/12/01 00:00:00.000000000','RR/MM/DD HH24:MI:SS.FF'),'71');
Insert into ACTIVITIES (ACTIVITY_ID,EXERCISE_ID,REPS,WEIGHT,DURATION,WORKOUT_ID) values ('308','66','0','0',to_timestamp('25/01/19 12:00:00.000000000','RR/MM/DD HH24:MI:SS.FF'),'96');
Insert into ACTIVITIES (ACTIVITY_ID,EXERCISE_ID,REPS,WEIGHT,DURATION,WORKOUT_ID) values ('311','66','0','0',to_timestamp('25/01/19 12:00:00.000000000','RR/MM/DD HH24:MI:SS.FF'),'98');
Insert into ACTIVITIES (ACTIVITY_ID,EXERCISE_ID,REPS,WEIGHT,DURATION,WORKOUT_ID) values ('312','173','0','23',to_timestamp('25/01/19 23:42:34.000000000','RR/MM/DD HH24:MI:SS.FF'),'98');
Insert into ACTIVITIES (ACTIVITY_ID,EXERCISE_ID,REPS,WEIGHT,DURATION,WORKOUT_ID) values ('31','21','20','40',to_timestamp('24/12/01 00:00:00.000000000','RR/MM/DD HH24:MI:SS.FF'),'3');
Insert into ACTIVITIES (ACTIVITY_ID,EXERCISE_ID,REPS,WEIGHT,DURATION,WORKOUT_ID) values ('32','21','16','40',to_timestamp('24/12/01 00:00:00.000000000','RR/MM/DD HH24:MI:SS.FF'),'3');
Insert into ACTIVITIES (ACTIVITY_ID,EXERCISE_ID,REPS,WEIGHT,DURATION,WORKOUT_ID) values ('33','21','12','40',to_timestamp('24/12/01 00:00:00.000000000','RR/MM/DD HH24:MI:SS.FF'),'3');
Insert into ACTIVITIES (ACTIVITY_ID,EXERCISE_ID,REPS,WEIGHT,DURATION,WORKOUT_ID) values ('34','21','8','40',to_timestamp('24/12/01 00:00:00.000000000','RR/MM/DD HH24:MI:SS.FF'),'3');
Insert into ACTIVITIES (ACTIVITY_ID,EXERCISE_ID,REPS,WEIGHT,DURATION,WORKOUT_ID) values ('35','21','5','40',to_timestamp('24/12/01 00:00:00.000000000','RR/MM/DD HH24:MI:SS.FF'),'3');
Insert into ACTIVITIES (ACTIVITY_ID,EXERCISE_ID,REPS,WEIGHT,DURATION,WORKOUT_ID) values ('36','23','12','15',to_timestamp('24/12/01 00:00:00.000000000','RR/MM/DD HH24:MI:SS.FF'),'3');
Insert into ACTIVITIES (ACTIVITY_ID,EXERCISE_ID,REPS,WEIGHT,DURATION,WORKOUT_ID) values ('37','23','10','15',to_timestamp('24/12/01 00:00:00.000000000','RR/MM/DD HH24:MI:SS.FF'),'3');
Insert into ACTIVITIES (ACTIVITY_ID,EXERCISE_ID,REPS,WEIGHT,DURATION,WORKOUT_ID) values ('38','23','8','15',to_timestamp('24/12/01 00:00:00.000000000','RR/MM/DD HH24:MI:SS.FF'),'3');
Insert into ACTIVITIES (ACTIVITY_ID,EXERCISE_ID,REPS,WEIGHT,DURATION,WORKOUT_ID) values ('39','29','10','0',to_timestamp('24/12/01 00:00:00.000000000','RR/MM/DD HH24:MI:SS.FF'),'3');
Insert into ACTIVITIES (ACTIVITY_ID,EXERCISE_ID,REPS,WEIGHT,DURATION,WORKOUT_ID) values ('40','29','8','0',to_timestamp('24/12/01 00:00:00.000000000','RR/MM/DD HH24:MI:SS.FF'),'3');
Insert into ACTIVITIES (ACTIVITY_ID,EXERCISE_ID,REPS,WEIGHT,DURATION,WORKOUT_ID) values ('41','29','2','15',to_timestamp('24/12/01 00:00:00.000000000','RR/MM/DD HH24:MI:SS.FF'),'3');
Insert into ACTIVITIES (ACTIVITY_ID,EXERCISE_ID,REPS,WEIGHT,DURATION,WORKOUT_ID) values ('313','1','123','80',to_timestamp('25/01/19 00:00:00.000000000','RR/MM/DD HH24:MI:SS.FF'),'54');
Insert into ACTIVITIES (ACTIVITY_ID,EXERCISE_ID,REPS,WEIGHT,DURATION,WORKOUT_ID) values ('234','73','0','0',to_timestamp('25/01/16 23:42:02.000000000','RR/MM/DD HH24:MI:SS.FF'),'54');
Insert into ACTIVITIES (ACTIVITY_ID,EXERCISE_ID,REPS,WEIGHT,DURATION,WORKOUT_ID) values ('314','173','0','234',to_timestamp('25/01/19 23:42:43.000000000','RR/MM/DD HH24:MI:SS.FF'),'54');
Insert into ACTIVITIES (ACTIVITY_ID,EXERCISE_ID,REPS,WEIGHT,DURATION,WORKOUT_ID) values ('196','66','0','0',to_timestamp('25/01/15 04:12:24.000000000','RR/MM/DD HH24:MI:SS.FF'),'48');
Insert into ACTIVITIES (ACTIVITY_ID,EXERCISE_ID,REPS,WEIGHT,DURATION,WORKOUT_ID) values ('243','168','0','0',to_timestamp('25/01/16 12:31:01.000000000','RR/MM/DD HH24:MI:SS.FF'),'68');

Insert into ACTIVITIES (ACTIVITY_ID,EXERCISE_ID,REPS,WEIGHT,DURATION,WORKOUT_ID) values ('418','1','8','85',null,'104');
Insert into ACTIVITIES (ACTIVITY_ID,EXERCISE_ID,REPS,WEIGHT,DURATION,WORKOUT_ID) values ('419','1','8','85',null,'104');
Insert into ACTIVITIES (ACTIVITY_ID,EXERCISE_ID,REPS,WEIGHT,DURATION,WORKOUT_ID) values ('420','4','10','25',null,'104');
Insert into ACTIVITIES (ACTIVITY_ID,EXERCISE_ID,REPS,WEIGHT,DURATION,WORKOUT_ID) values ('421','8','12','40',null,'104');
Insert into ACTIVITIES (ACTIVITY_ID,EXERCISE_ID,REPS,WEIGHT,DURATION,WORKOUT_ID) values ('422','52','5','140',null,'105');
Insert into ACTIVITIES (ACTIVITY_ID,EXERCISE_ID,REPS,WEIGHT,DURATION,WORKOUT_ID) values ('423','77','10','70',null,'105');
Insert into ACTIVITIES (ACTIVITY_ID,EXERCISE_ID,REPS,WEIGHT,DURATION,WORKOUT_ID) values ('424','22','12','18',null,'105');
Insert into ACTIVITIES (ACTIVITY_ID,EXERCISE_ID,REPS,WEIGHT,DURATION,WORKOUT_ID) values ('425','30','15','25',null,'105');
Insert into ACTIVITIES (ACTIVITY_ID,EXERCISE_ID,REPS,WEIGHT,DURATION,WORKOUT_ID) values ('426','39','5','135',null,'106');
Insert into ACTIVITIES (ACTIVITY_ID,EXERCISE_ID,REPS,WEIGHT,DURATION,WORKOUT_ID) values ('427','39','5','135',null,'106');
Insert into ACTIVITIES (ACTIVITY_ID,EXERCISE_ID,REPS,WEIGHT,DURATION,WORKOUT_ID) values ('428','43','15','50',null,'106');
Insert into ACTIVITIES (ACTIVITY_ID,EXERCISE_ID,REPS,WEIGHT,DURATION,WORKOUT_ID) values ('429','44','15','45',null,'106');
Insert into ACTIVITIES (ACTIVITY_ID,EXERCISE_ID,REPS,WEIGHT,DURATION,WORKOUT_ID) values ('430','1','8','80',null,'107');
Insert into ACTIVITIES (ACTIVITY_ID,EXERCISE_ID,REPS,WEIGHT,DURATION,WORKOUT_ID) values ('431','26','10','90',null,'107');
Insert into ACTIVITIES (ACTIVITY_ID,EXERCISE_ID,REPS,WEIGHT,DURATION,WORKOUT_ID) values ('432','39','8','120',null,'107');
Insert into ACTIVITIES (ACTIVITY_ID,EXERCISE_ID,REPS,WEIGHT,DURATION,WORKOUT_ID) values ('433','5','15','8',null,'107');
Insert into ACTIVITIES (ACTIVITY_ID,EXERCISE_ID,REPS,WEIGHT,DURATION,WORKOUT_ID) values ('434','16','8','75',null,'108');
Insert into ACTIVITIES (ACTIVITY_ID,EXERCISE_ID,REPS,WEIGHT,DURATION,WORKOUT_ID) values ('435','3','6','65',null,'108');
Insert into ACTIVITIES (ACTIVITY_ID,EXERCISE_ID,REPS,WEIGHT,DURATION,WORKOUT_ID) values ('436','5','12','10',null,'108');
Insert into ACTIVITIES (ACTIVITY_ID,EXERCISE_ID,REPS,WEIGHT,DURATION,WORKOUT_ID) values ('437','10','10','17.5',null,'108');
Insert into ACTIVITIES (ACTIVITY_ID,EXERCISE_ID,REPS,WEIGHT,DURATION,WORKOUT_ID) values ('438','52','3','155',null,'109');
Insert into ACTIVITIES (ACTIVITY_ID,EXERCISE_ID,REPS,WEIGHT,DURATION,WORKOUT_ID) values ('439','52','3','155',null,'109');
Insert into ACTIVITIES (ACTIVITY_ID,EXERCISE_ID,REPS,WEIGHT,DURATION,WORKOUT_ID) values ('440','27','10','35',null,'109');
Insert into ACTIVITIES (ACTIVITY_ID,EXERCISE_ID,REPS,WEIGHT,DURATION,WORKOUT_ID) values ('441','63','10','20',null,'109');
Insert into ACTIVITIES (ACTIVITY_ID,EXERCISE_ID,REPS,WEIGHT,DURATION,WORKOUT_ID) values ('442','40','15','220',null,'110');
Insert into ACTIVITIES (ACTIVITY_ID,EXERCISE_ID,REPS,WEIGHT,DURATION,WORKOUT_ID) values ('443','40','15','220',null,'110');
Insert into ACTIVITIES (ACTIVITY_ID,EXERCISE_ID,REPS,WEIGHT,DURATION,WORKOUT_ID) values ('444','53','10','100',null,'110');
Insert into ACTIVITIES (ACTIVITY_ID,EXERCISE_ID,REPS,WEIGHT,DURATION,WORKOUT_ID) values ('445','45','20','50',null,'110');
Insert into ACTIVITIES (ACTIVITY_ID,EXERCISE_ID,REPS,WEIGHT,DURATION,WORKOUT_ID) values ('446','1','10','70',null,'111');
Insert into ACTIVITIES (ACTIVITY_ID,EXERCISE_ID,REPS,WEIGHT,DURATION,WORKOUT_ID) values ('447','54','10','110',null,'111');
Insert into ACTIVITIES (ACTIVITY_ID,EXERCISE_ID,REPS,WEIGHT,DURATION,WORKOUT_ID) values ('448','43','15','40',null,'111');
Insert into ACTIVITIES (ACTIVITY_ID,EXERCISE_ID,REPS,WEIGHT,DURATION,WORKOUT_ID) values ('450','1','5','105',null,'112');
Insert into ACTIVITIES (ACTIVITY_ID,EXERCISE_ID,REPS,WEIGHT,DURATION,WORKOUT_ID) values ('451','1','5','105',null,'112');
Insert into ACTIVITIES (ACTIVITY_ID,EXERCISE_ID,REPS,WEIGHT,DURATION,WORKOUT_ID) values ('452','4','8','30',null,'112');
Insert into ACTIVITIES (ACTIVITY_ID,EXERCISE_ID,REPS,WEIGHT,DURATION,WORKOUT_ID) values ('453','7','10','15',null,'112');
Insert into ACTIVITIES (ACTIVITY_ID,EXERCISE_ID,REPS,WEIGHT,DURATION,WORKOUT_ID) values ('454','26','8','110',null,'113');
Insert into ACTIVITIES (ACTIVITY_ID,EXERCISE_ID,REPS,WEIGHT,DURATION,WORKOUT_ID) values ('455','77','12','65',null,'113');
Insert into ACTIVITIES (ACTIVITY_ID,EXERCISE_ID,REPS,WEIGHT,DURATION,WORKOUT_ID) values ('456','29','8','10',null,'113');
Insert into ACTIVITIES (ACTIVITY_ID,EXERCISE_ID,REPS,WEIGHT,DURATION,WORKOUT_ID) values ('457','21','10','45',null,'113');
Insert into ACTIVITIES (ACTIVITY_ID,EXERCISE_ID,REPS,WEIGHT,DURATION,WORKOUT_ID) values ('458','302','12','20',null,'114');
Insert into ACTIVITIES (ACTIVITY_ID,EXERCISE_ID,REPS,WEIGHT,DURATION,WORKOUT_ID) values ('459','302','12','20',null,'114');
Insert into ACTIVITIES (ACTIVITY_ID,EXERCISE_ID,REPS,WEIGHT,DURATION,WORKOUT_ID) values ('460','43','15','55',null,'114');
Insert into ACTIVITIES (ACTIVITY_ID,EXERCISE_ID,REPS,WEIGHT,DURATION,WORKOUT_ID) values ('461','44','15','50',null,'114');
Insert into ACTIVITIES (ACTIVITY_ID,EXERCISE_ID,REPS,WEIGHT,DURATION,WORKOUT_ID) values ('462','1','10','95',null,'115');
Insert into ACTIVITIES (ACTIVITY_ID,EXERCISE_ID,REPS,WEIGHT,DURATION,WORKOUT_ID) values ('463','16','10','70',null,'115');
Insert into ACTIVITIES (ACTIVITY_ID,EXERCISE_ID,REPS,WEIGHT,DURATION,WORKOUT_ID) values ('464','5','20','6',null,'115');
Insert into ACTIVITIES (ACTIVITY_ID,EXERCISE_ID,REPS,WEIGHT,DURATION,WORKOUT_ID) values ('465','8','15','35',null,'115');
Insert into ACTIVITIES (ACTIVITY_ID,EXERCISE_ID,REPS,WEIGHT,DURATION,WORKOUT_ID) values ('466','52','5','145',null,'116');
Insert into ACTIVITIES (ACTIVITY_ID,EXERCISE_ID,REPS,WEIGHT,DURATION,WORKOUT_ID) values ('467','77','15','60',null,'116');
Insert into ACTIVITIES (ACTIVITY_ID,EXERCISE_ID,REPS,WEIGHT,DURATION,WORKOUT_ID) values ('468','26','10','95',null,'116');
Insert into ACTIVITIES (ACTIVITY_ID,EXERCISE_ID,REPS,WEIGHT,DURATION,WORKOUT_ID) values ('469','21','12','35',null,'116');
Insert into ACTIVITIES (ACTIVITY_ID,EXERCISE_ID,REPS,WEIGHT,DURATION,WORKOUT_ID) values ('470','39','12','100',null,'117');
Insert into ACTIVITIES (ACTIVITY_ID,EXERCISE_ID,REPS,WEIGHT,DURATION,WORKOUT_ID) values ('471','39','12','100',null,'117');
Insert into ACTIVITIES (ACTIVITY_ID,EXERCISE_ID,REPS,WEIGHT,DURATION,WORKOUT_ID) values ('472','41','15','250',null,'117');
Insert into ACTIVITIES (ACTIVITY_ID,EXERCISE_ID,REPS,WEIGHT,DURATION,WORKOUT_ID) values ('473','44','20','40',null,'117');
Insert into ACTIVITIES (ACTIVITY_ID,EXERCISE_ID,REPS,WEIGHT,DURATION,WORKOUT_ID) values ('474','1','10','60',null,'118');
Insert into ACTIVITIES (ACTIVITY_ID,EXERCISE_ID,REPS,WEIGHT,DURATION,WORKOUT_ID) values ('475','4','12','15',null,'118');
Insert into ACTIVITIES (ACTIVITY_ID,EXERCISE_ID,REPS,WEIGHT,DURATION,WORKOUT_ID) values ('476','5','15','5',null,'118');
Insert into ACTIVITIES (ACTIVITY_ID,EXERCISE_ID,REPS,WEIGHT,DURATION,WORKOUT_ID) values ('477','26','10','60',null,'119');
Insert into ACTIVITIES (ACTIVITY_ID,EXERCISE_ID,REPS,WEIGHT,DURATION,WORKOUT_ID) values ('478','77','12','40',null,'119');
Insert into ACTIVITIES (ACTIVITY_ID,EXERCISE_ID,REPS,WEIGHT,DURATION,WORKOUT_ID) values ('479','21','15','20',null,'119');
Insert into ACTIVITIES (ACTIVITY_ID,EXERCISE_ID,REPS,WEIGHT,DURATION,WORKOUT_ID) values ('480','39','1','160',null,'120');
Insert into ACTIVITIES (ACTIVITY_ID,EXERCISE_ID,REPS,WEIGHT,DURATION,WORKOUT_ID) values ('481','39','3','140',null,'120');
Insert into ACTIVITIES (ACTIVITY_ID,EXERCISE_ID,REPS,WEIGHT,DURATION,WORKOUT_ID) values ('482','52','5','135',null,'120');
Insert into ACTIVITIES (ACTIVITY_ID,EXERCISE_ID,REPS,WEIGHT,DURATION,WORKOUT_ID) values ('483','2','15','15',null,'121');
Insert into ACTIVITIES (ACTIVITY_ID,EXERCISE_ID,REPS,WEIGHT,DURATION,WORKOUT_ID) values ('484','31','10','0',null,'121');
Insert into ACTIVITIES (ACTIVITY_ID,EXERCISE_ID,REPS,WEIGHT,DURATION,WORKOUT_ID) values ('485','47','15','10',null,'121');

Insert into ACTIVITIES (ACTIVITY_ID,EXERCISE_ID,REPS,WEIGHT,DURATION,WORKOUT_ID) values ('486','1','5','100',null,'122');
Insert into ACTIVITIES (ACTIVITY_ID,EXERCISE_ID,REPS,WEIGHT,DURATION,WORKOUT_ID) values ('487','1','5','100',null,'122');
Insert into ACTIVITIES (ACTIVITY_ID,EXERCISE_ID,REPS,WEIGHT,DURATION,WORKOUT_ID) values ('488','17','8','30',null,'122');
Insert into ACTIVITIES (ACTIVITY_ID,EXERCISE_ID,REPS,WEIGHT,DURATION,WORKOUT_ID) values ('489','7','10','10',null,'122');
Insert into ACTIVITIES (ACTIVITY_ID,EXERCISE_ID,REPS,WEIGHT,DURATION,WORKOUT_ID) values ('490','8','12','40',null,'122');
Insert into ACTIVITIES (ACTIVITY_ID,EXERCISE_ID,REPS,WEIGHT,DURATION,WORKOUT_ID) values ('491','39','5','130',null,'123');
Insert into ACTIVITIES (ACTIVITY_ID,EXERCISE_ID,REPS,WEIGHT,DURATION,WORKOUT_ID) values ('492','39','5','130',null,'123');
Insert into ACTIVITIES (ACTIVITY_ID,EXERCISE_ID,REPS,WEIGHT,DURATION,WORKOUT_ID) values ('493','53','8','100',null,'123');
Insert into ACTIVITIES (ACTIVITY_ID,EXERCISE_ID,REPS,WEIGHT,DURATION,WORKOUT_ID) values ('494','43','15','50',null,'123');
Insert into ACTIVITIES (ACTIVITY_ID,EXERCISE_ID,REPS,WEIGHT,DURATION,WORKOUT_ID) values ('495','44','15','45',null,'123');
Insert into ACTIVITIES (ACTIVITY_ID,EXERCISE_ID,REPS,WEIGHT,DURATION,WORKOUT_ID) values ('496','52','5','150',null,'124');
Insert into ACTIVITIES (ACTIVITY_ID,EXERCISE_ID,REPS,WEIGHT,DURATION,WORKOUT_ID) values ('497','29','8','10',null,'124');
Insert into ACTIVITIES (ACTIVITY_ID,EXERCISE_ID,REPS,WEIGHT,DURATION,WORKOUT_ID) values ('498','26','8','90',null,'124');
Insert into ACTIVITIES (ACTIVITY_ID,EXERCISE_ID,REPS,WEIGHT,DURATION,WORKOUT_ID) values ('499','23','10','18',null,'124');
Insert into ACTIVITIES (ACTIVITY_ID,EXERCISE_ID,REPS,WEIGHT,DURATION,WORKOUT_ID) values ('500','1','3','110',null,'125');
Insert into ACTIVITIES (ACTIVITY_ID,EXERCISE_ID,REPS,WEIGHT,DURATION,WORKOUT_ID) values ('501','1','1','115',null,'125');
Insert into ACTIVITIES (ACTIVITY_ID,EXERCISE_ID,REPS,WEIGHT,DURATION,WORKOUT_ID) values ('502','1','1','120',null,'125');
Insert into ACTIVITIES (ACTIVITY_ID,EXERCISE_ID,REPS,WEIGHT,DURATION,WORKOUT_ID) values ('503','1','5','90',null,'125');
Insert into ACTIVITIES (ACTIVITY_ID,EXERCISE_ID,REPS,WEIGHT,DURATION,WORKOUT_ID) values ('504','4','10','28',null,'125');

Insert into ACTIVITIES (ACTIVITY_ID,EXERCISE_ID,REPS,WEIGHT,DURATION,WORKOUT_ID) values ('600','29','8','10',null,'200');
Insert into ACTIVITIES (ACTIVITY_ID,EXERCISE_ID,REPS,WEIGHT,DURATION,WORKOUT_ID) values ('601','29','8','10',null,'200');
Insert into ACTIVITIES (ACTIVITY_ID,EXERCISE_ID,REPS,WEIGHT,DURATION,WORKOUT_ID) values ('602','26','10','90',null,'200');
Insert into ACTIVITIES (ACTIVITY_ID,EXERCISE_ID,REPS,WEIGHT,DURATION,WORKOUT_ID) values ('603','21','12','40',null,'200');
Insert into ACTIVITIES (ACTIVITY_ID,EXERCISE_ID,REPS,WEIGHT,DURATION,WORKOUT_ID) values ('604','23','12','18',null,'200');
Insert into ACTIVITIES (ACTIVITY_ID,EXERCISE_ID,REPS,WEIGHT,DURATION,WORKOUT_ID) values ('605','39','5','130',null,'201');
Insert into ACTIVITIES (ACTIVITY_ID,EXERCISE_ID,REPS,WEIGHT,DURATION,WORKOUT_ID) values ('606','39','5','130',null,'201');
Insert into ACTIVITIES (ACTIVITY_ID,EXERCISE_ID,REPS,WEIGHT,DURATION,WORKOUT_ID) values ('607','53','10','100',null,'201');
Insert into ACTIVITIES (ACTIVITY_ID,EXERCISE_ID,REPS,WEIGHT,DURATION,WORKOUT_ID) values ('608','43','15','50',null,'201');
Insert into ACTIVITIES (ACTIVITY_ID,EXERCISE_ID,REPS,WEIGHT,DURATION,WORKOUT_ID) values ('609','44','15','45',null,'201');
Insert into ACTIVITIES (ACTIVITY_ID,EXERCISE_ID,REPS,WEIGHT,DURATION,WORKOUT_ID) values ('610','1','8','90',null,'202');
Insert into ACTIVITIES (ACTIVITY_ID,EXERCISE_ID,REPS,WEIGHT,DURATION,WORKOUT_ID) values ('611','1','8','90',null,'202');
Insert into ACTIVITIES (ACTIVITY_ID,EXERCISE_ID,REPS,WEIGHT,DURATION,WORKOUT_ID) values ('612','4','10','28',null,'202');
Insert into ACTIVITIES (ACTIVITY_ID,EXERCISE_ID,REPS,WEIGHT,DURATION,WORKOUT_ID) values ('613','5','15','10',null,'202');
Insert into ACTIVITIES (ACTIVITY_ID,EXERCISE_ID,REPS,WEIGHT,DURATION,WORKOUT_ID) values ('614','8','12','40',null,'202');
Insert into ACTIVITIES (ACTIVITY_ID,EXERCISE_ID,REPS,WEIGHT,DURATION,WORKOUT_ID) values ('615','52','5','150',null,'203');
Insert into ACTIVITIES (ACTIVITY_ID,EXERCISE_ID,REPS,WEIGHT,DURATION,WORKOUT_ID) values ('616','52','5','150',null,'203');
Insert into ACTIVITIES (ACTIVITY_ID,EXERCISE_ID,REPS,WEIGHT,DURATION,WORKOUT_ID) values ('617','77','12','65',null,'203');
Insert into ACTIVITIES (ACTIVITY_ID,EXERCISE_ID,REPS,WEIGHT,DURATION,WORKOUT_ID) values ('618','27','10','30',null,'203');
Insert into ACTIVITIES (ACTIVITY_ID,EXERCISE_ID,REPS,WEIGHT,DURATION,WORKOUT_ID) values ('619','30','15','25',null,'203');
Insert into ACTIVITIES (ACTIVITY_ID,EXERCISE_ID,REPS,WEIGHT,DURATION,WORKOUT_ID) values ('620','40','15','200',null,'204');
Insert into ACTIVITIES (ACTIVITY_ID,EXERCISE_ID,REPS,WEIGHT,DURATION,WORKOUT_ID) values ('621','40','15','200',null,'204');
Insert into ACTIVITIES (ACTIVITY_ID,EXERCISE_ID,REPS,WEIGHT,DURATION,WORKOUT_ID) values ('622','40','15','200',null,'204');
Insert into ACTIVITIES (ACTIVITY_ID,EXERCISE_ID,REPS,WEIGHT,DURATION,WORKOUT_ID) values ('623','302','12','20',null,'204');
Insert into ACTIVITIES (ACTIVITY_ID,EXERCISE_ID,REPS,WEIGHT,DURATION,WORKOUT_ID) values ('624','46','20','60',null,'204');
Insert into ACTIVITIES (ACTIVITY_ID,EXERCISE_ID,REPS,WEIGHT,DURATION,WORKOUT_ID) values ('625','16','8','75',null,'205');
Insert into ACTIVITIES (ACTIVITY_ID,EXERCISE_ID,REPS,WEIGHT,DURATION,WORKOUT_ID) values ('626','16','8','75',null,'205');
Insert into ACTIVITIES (ACTIVITY_ID,EXERCISE_ID,REPS,WEIGHT,DURATION,WORKOUT_ID) values ('627','3','8','60',null,'205');
Insert into ACTIVITIES (ACTIVITY_ID,EXERCISE_ID,REPS,WEIGHT,DURATION,WORKOUT_ID) values ('628','7','12','10',null,'205');
Insert into ACTIVITIES (ACTIVITY_ID,EXERCISE_ID,REPS,WEIGHT,DURATION,WORKOUT_ID) values ('629','10','12','15',null,'205');
Insert into ACTIVITIES (ACTIVITY_ID,EXERCISE_ID,REPS,WEIGHT,DURATION,WORKOUT_ID) values ('630','77','12','70',null,'206');
Insert into ACTIVITIES (ACTIVITY_ID,EXERCISE_ID,REPS,WEIGHT,DURATION,WORKOUT_ID) values ('631','77','12','70',null,'206');
Insert into ACTIVITIES (ACTIVITY_ID,EXERCISE_ID,REPS,WEIGHT,DURATION,WORKOUT_ID) values ('632','28','10','60',null,'206');
Insert into ACTIVITIES (ACTIVITY_ID,EXERCISE_ID,REPS,WEIGHT,DURATION,WORKOUT_ID) values ('633','22','12','16',null,'206');
Insert into ACTIVITIES (ACTIVITY_ID,EXERCISE_ID,REPS,WEIGHT,DURATION,WORKOUT_ID) values ('634','65','15','12',null,'206');
Insert into ACTIVITIES (ACTIVITY_ID,EXERCISE_ID,REPS,WEIGHT,DURATION,WORKOUT_ID) values ('635','39','3','145',null,'207');
Insert into ACTIVITIES (ACTIVITY_ID,EXERCISE_ID,REPS,WEIGHT,DURATION,WORKOUT_ID) values ('636','39','3','145',null,'207');
Insert into ACTIVITIES (ACTIVITY_ID,EXERCISE_ID,REPS,WEIGHT,DURATION,WORKOUT_ID) values ('637','39','3','145',null,'207');
Insert into ACTIVITIES (ACTIVITY_ID,EXERCISE_ID,REPS,WEIGHT,DURATION,WORKOUT_ID) values ('638','47','10','20',null,'207');
Insert into ACTIVITIES (ACTIVITY_ID,EXERCISE_ID,REPS,WEIGHT,DURATION,WORKOUT_ID) values ('639','44','12','50',null,'207');
Insert into ACTIVITIES (ACTIVITY_ID,EXERCISE_ID,REPS,WEIGHT,DURATION,WORKOUT_ID) values ('640','2','10','35',null,'208');
Insert into ACTIVITIES (ACTIVITY_ID,EXERCISE_ID,REPS,WEIGHT,DURATION,WORKOUT_ID) values ('641','2','10','35',null,'208');
Insert into ACTIVITIES (ACTIVITY_ID,EXERCISE_ID,REPS,WEIGHT,DURATION,WORKOUT_ID) values ('642','12','12','60',null,'208');
Insert into ACTIVITIES (ACTIVITY_ID,EXERCISE_ID,REPS,WEIGHT,DURATION,WORKOUT_ID) values ('643','6','12','20',null,'208');
Insert into ACTIVITIES (ACTIVITY_ID,EXERCISE_ID,REPS,WEIGHT,DURATION,WORKOUT_ID) values ('644','14','15','30',null,'208');
Insert into ACTIVITIES (ACTIVITY_ID,EXERCISE_ID,REPS,WEIGHT,DURATION,WORKOUT_ID) values ('645','29','10','10',null,'209');
Insert into ACTIVITIES (ACTIVITY_ID,EXERCISE_ID,REPS,WEIGHT,DURATION,WORKOUT_ID) values ('646','29','10','10',null,'209');
Insert into ACTIVITIES (ACTIVITY_ID,EXERCISE_ID,REPS,WEIGHT,DURATION,WORKOUT_ID) values ('647','26','8','95',null,'209');
Insert into ACTIVITIES (ACTIVITY_ID,EXERCISE_ID,REPS,WEIGHT,DURATION,WORKOUT_ID) values ('648','21','10','40',null,'209');
Insert into ACTIVITIES (ACTIVITY_ID,EXERCISE_ID,REPS,WEIGHT,DURATION,WORKOUT_ID) values ('649','30','15','30',null,'209');
Insert into ACTIVITIES (ACTIVITY_ID,EXERCISE_ID,REPS,WEIGHT,DURATION,WORKOUT_ID) values ('650','53','10','110',null,'210');
Insert into ACTIVITIES (ACTIVITY_ID,EXERCISE_ID,REPS,WEIGHT,DURATION,WORKOUT_ID) values ('651','53','10','110',null,'210');
Insert into ACTIVITIES (ACTIVITY_ID,EXERCISE_ID,REPS,WEIGHT,DURATION,WORKOUT_ID) values ('652','40','12','210',null,'210');
Insert into ACTIVITIES (ACTIVITY_ID,EXERCISE_ID,REPS,WEIGHT,DURATION,WORKOUT_ID) values ('653','43','12','55',null,'210');
Insert into ACTIVITIES (ACTIVITY_ID,EXERCISE_ID,REPS,WEIGHT,DURATION,WORKOUT_ID) values ('654','44','12','50',null,'210');
Insert into ACTIVITIES (ACTIVITY_ID,EXERCISE_ID,REPS,WEIGHT,DURATION,WORKOUT_ID) values ('655','1','10','80',null,'211');
Insert into ACTIVITIES (ACTIVITY_ID,EXERCISE_ID,REPS,WEIGHT,DURATION,WORKOUT_ID) values ('656','39','10','110',null,'211');
Insert into ACTIVITIES (ACTIVITY_ID,EXERCISE_ID,REPS,WEIGHT,DURATION,WORKOUT_ID) values ('657','26','10','80',null,'211');
Insert into ACTIVITIES (ACTIVITY_ID,EXERCISE_ID,REPS,WEIGHT,DURATION,WORKOUT_ID) values ('658','4','10','25',null,'211');
Insert into ACTIVITIES (ACTIVITY_ID,EXERCISE_ID,REPS,WEIGHT,DURATION,WORKOUT_ID) values ('659','21','10','35',null,'211');
Insert into ACTIVITIES (ACTIVITY_ID,EXERCISE_ID,REPS,WEIGHT,DURATION,WORKOUT_ID) values ('660','1','5','100',null,'212');
Insert into ACTIVITIES (ACTIVITY_ID,EXERCISE_ID,REPS,WEIGHT,DURATION,WORKOUT_ID) values ('661','1','5','100',null,'212');
Insert into ACTIVITIES (ACTIVITY_ID,EXERCISE_ID,REPS,WEIGHT,DURATION,WORKOUT_ID) values ('662','4','8','30',null,'212');
Insert into ACTIVITIES (ACTIVITY_ID,EXERCISE_ID,REPS,WEIGHT,DURATION,WORKOUT_ID) values ('663','7','10','15',null,'212');
Insert into ACTIVITIES (ACTIVITY_ID,EXERCISE_ID,REPS,WEIGHT,DURATION,WORKOUT_ID) values ('664','5','15','10',null,'212');
Insert into ACTIVITIES (ACTIVITY_ID,EXERCISE_ID,REPS,WEIGHT,DURATION,WORKOUT_ID) values ('665','26','5','105',null,'213');
Insert into ACTIVITIES (ACTIVITY_ID,EXERCISE_ID,REPS,WEIGHT,DURATION,WORKOUT_ID) values ('666','26','5','105',null,'213');
Insert into ACTIVITIES (ACTIVITY_ID,EXERCISE_ID,REPS,WEIGHT,DURATION,WORKOUT_ID) values ('667','77','10','70',null,'213');
Insert into ACTIVITIES (ACTIVITY_ID,EXERCISE_ID,REPS,WEIGHT,DURATION,WORKOUT_ID) values ('668','23','10','20',null,'213');
Insert into ACTIVITIES (ACTIVITY_ID,EXERCISE_ID,REPS,WEIGHT,DURATION,WORKOUT_ID) values ('669','30','15','30',null,'213');
Insert into ACTIVITIES (ACTIVITY_ID,EXERCISE_ID,REPS,WEIGHT,DURATION,WORKOUT_ID) values ('670','39','8','115',null,'214');
Insert into ACTIVITIES (ACTIVITY_ID,EXERCISE_ID,REPS,WEIGHT,DURATION,WORKOUT_ID) values ('671','39','8','115',null,'214');
Insert into ACTIVITIES (ACTIVITY_ID,EXERCISE_ID,REPS,WEIGHT,DURATION,WORKOUT_ID) values ('672','53','12','90',null,'214');
Insert into ACTIVITIES (ACTIVITY_ID,EXERCISE_ID,REPS,WEIGHT,DURATION,WORKOUT_ID) values ('673','43','15','50',null,'214');
Insert into ACTIVITIES (ACTIVITY_ID,EXERCISE_ID,REPS,WEIGHT,DURATION,WORKOUT_ID) values ('674','44','15','50',null,'214');
Insert into ACTIVITIES (ACTIVITY_ID,EXERCISE_ID,REPS,WEIGHT,DURATION,WORKOUT_ID) values ('675','16','10','70',null,'215');
Insert into ACTIVITIES (ACTIVITY_ID,EXERCISE_ID,REPS,WEIGHT,DURATION,WORKOUT_ID) values ('676','16','10','70',null,'215');
Insert into ACTIVITIES (ACTIVITY_ID,EXERCISE_ID,REPS,WEIGHT,DURATION,WORKOUT_ID) values ('677','3','8','60',null,'215');
Insert into ACTIVITIES (ACTIVITY_ID,EXERCISE_ID,REPS,WEIGHT,DURATION,WORKOUT_ID) values ('678','5','15','10',null,'215');
Insert into ACTIVITIES (ACTIVITY_ID,EXERCISE_ID,REPS,WEIGHT,DURATION,WORKOUT_ID) values ('679','8','12','45',null,'215');
Insert into ACTIVITIES (ACTIVITY_ID,EXERCISE_ID,REPS,WEIGHT,DURATION,WORKOUT_ID) values ('680','39','5','135',null,'216');
Insert into ACTIVITIES (ACTIVITY_ID,EXERCISE_ID,REPS,WEIGHT,DURATION,WORKOUT_ID) values ('681','39','5','135',null,'216');
Insert into ACTIVITIES (ACTIVITY_ID,EXERCISE_ID,REPS,WEIGHT,DURATION,WORKOUT_ID) values ('682','39','5','135',null,'216');
Insert into ACTIVITIES (ACTIVITY_ID,EXERCISE_ID,REPS,WEIGHT,DURATION,WORKOUT_ID) values ('683','53','8','105',null,'216');
Insert into ACTIVITIES (ACTIVITY_ID,EXERCISE_ID,REPS,WEIGHT,DURATION,WORKOUT_ID) values ('684','46','15','70',null,'216');
Insert into ACTIVITIES (ACTIVITY_ID,EXERCISE_ID,REPS,WEIGHT,DURATION,WORKOUT_ID) values ('685','1','5','102.5',null,'217');
Insert into ACTIVITIES (ACTIVITY_ID,EXERCISE_ID,REPS,WEIGHT,DURATION,WORKOUT_ID) values ('686','1','5','102.5',null,'217');
Insert into ACTIVITIES (ACTIVITY_ID,EXERCISE_ID,REPS,WEIGHT,DURATION,WORKOUT_ID) values ('687','4','8','30',null,'217');
Insert into ACTIVITIES (ACTIVITY_ID,EXERCISE_ID,REPS,WEIGHT,DURATION,WORKOUT_ID) values ('688','7','12','15',null,'217');
Insert into ACTIVITIES (ACTIVITY_ID,EXERCISE_ID,REPS,WEIGHT,DURATION,WORKOUT_ID) values ('689','5','15','10',null,'217');
Insert into ACTIVITIES (ACTIVITY_ID,EXERCISE_ID,REPS,WEIGHT,DURATION,WORKOUT_ID) values ('690','52','5','155',null,'218');
Insert into ACTIVITIES (ACTIVITY_ID,EXERCISE_ID,REPS,WEIGHT,DURATION,WORKOUT_ID) values ('691','29','8','15',null,'218');
Insert into ACTIVITIES (ACTIVITY_ID,EXERCISE_ID,REPS,WEIGHT,DURATION,WORKOUT_ID) values ('692','26','8','95',null,'218');
Insert into ACTIVITIES (ACTIVITY_ID,EXERCISE_ID,REPS,WEIGHT,DURATION,WORKOUT_ID) values ('693','21','10','40',null,'218');
Insert into ACTIVITIES (ACTIVITY_ID,EXERCISE_ID,REPS,WEIGHT,DURATION,WORKOUT_ID) values ('694','23','10','20',null,'218');
Insert into ACTIVITIES (ACTIVITY_ID,EXERCISE_ID,REPS,WEIGHT,DURATION,WORKOUT_ID) values ('695','39','8','120',null,'219');
Insert into ACTIVITIES (ACTIVITY_ID,EXERCISE_ID,REPS,WEIGHT,DURATION,WORKOUT_ID) values ('696','39','8','120',null,'219');
Insert into ACTIVITIES (ACTIVITY_ID,EXERCISE_ID,REPS,WEIGHT,DURATION,WORKOUT_ID) values ('697','53','12','95',null,'219');
Insert into ACTIVITIES (ACTIVITY_ID,EXERCISE_ID,REPS,WEIGHT,DURATION,WORKOUT_ID) values ('698','43','15','55',null,'219');
Insert into ACTIVITIES (ACTIVITY_ID,EXERCISE_ID,REPS,WEIGHT,DURATION,WORKOUT_ID) values ('699','44','15','50',null,'219');
Insert into ACTIVITIES (ACTIVITY_ID,EXERCISE_ID,REPS,WEIGHT,DURATION,WORKOUT_ID) values ('700','17','10','32',null,'220');
Insert into ACTIVITIES (ACTIVITY_ID,EXERCISE_ID,REPS,WEIGHT,DURATION,WORKOUT_ID) values ('701','17','10','32',null,'220');
Insert into ACTIVITIES (ACTIVITY_ID,EXERCISE_ID,REPS,WEIGHT,DURATION,WORKOUT_ID) values ('702','3','10','60',null,'220');
Insert into ACTIVITIES (ACTIVITY_ID,EXERCISE_ID,REPS,WEIGHT,DURATION,WORKOUT_ID) values ('703','5','15','12',null,'220');
Insert into ACTIVITIES (ACTIVITY_ID,EXERCISE_ID,REPS,WEIGHT,DURATION,WORKOUT_ID) values ('704','8','15','40',null,'220');
Insert into ACTIVITIES (ACTIVITY_ID,EXERCISE_ID,REPS,WEIGHT,DURATION,WORKOUT_ID) values ('705','77','12','70',null,'221');
Insert into ACTIVITIES (ACTIVITY_ID,EXERCISE_ID,REPS,WEIGHT,DURATION,WORKOUT_ID) values ('706','77','12','70',null,'221');
Insert into ACTIVITIES (ACTIVITY_ID,EXERCISE_ID,REPS,WEIGHT,DURATION,WORKOUT_ID) values ('707','28','12','65',null,'221');
Insert into ACTIVITIES (ACTIVITY_ID,EXERCISE_ID,REPS,WEIGHT,DURATION,WORKOUT_ID) values ('708','22','12','18',null,'221');
Insert into ACTIVITIES (ACTIVITY_ID,EXERCISE_ID,REPS,WEIGHT,DURATION,WORKOUT_ID) values ('709','30','20','25',null,'221');
Insert into ACTIVITIES (ACTIVITY_ID,EXERCISE_ID,REPS,WEIGHT,DURATION,WORKOUT_ID) values ('710','1','5','105',null,'222');
Insert into ACTIVITIES (ACTIVITY_ID,EXERCISE_ID,REPS,WEIGHT,DURATION,WORKOUT_ID) values ('711','1','5','105',null,'222');
Insert into ACTIVITIES (ACTIVITY_ID,EXERCISE_ID,REPS,WEIGHT,DURATION,WORKOUT_ID) values ('712','4','8','32',null,'222');
Insert into ACTIVITIES (ACTIVITY_ID,EXERCISE_ID,REPS,WEIGHT,DURATION,WORKOUT_ID) values ('713','7','12','20',null,'222');
Insert into ACTIVITIES (ACTIVITY_ID,EXERCISE_ID,REPS,WEIGHT,DURATION,WORKOUT_ID) values ('714','52','5','160',null,'223');
Insert into ACTIVITIES (ACTIVITY_ID,EXERCISE_ID,REPS,WEIGHT,DURATION,WORKOUT_ID) values ('715','29','10','15',null,'223');
Insert into ACTIVITIES (ACTIVITY_ID,EXERCISE_ID,REPS,WEIGHT,DURATION,WORKOUT_ID) values ('716','26','8','100',null,'223');
Insert into ACTIVITIES (ACTIVITY_ID,EXERCISE_ID,REPS,WEIGHT,DURATION,WORKOUT_ID) values ('717','21','10','45',null,'223');
Insert into ACTIVITIES (ACTIVITY_ID,EXERCISE_ID,REPS,WEIGHT,DURATION,WORKOUT_ID) values ('718','39','8','125',null,'224');
Insert into ACTIVITIES (ACTIVITY_ID,EXERCISE_ID,REPS,WEIGHT,DURATION,WORKOUT_ID) values ('719','39','8','125',null,'224');
Insert into ACTIVITIES (ACTIVITY_ID,EXERCISE_ID,REPS,WEIGHT,DURATION,WORKOUT_ID) values ('720','53','12','95',null,'224');
Insert into ACTIVITIES (ACTIVITY_ID,EXERCISE_ID,REPS,WEIGHT,DURATION,WORKOUT_ID) values ('721','43','20','50',null,'224');
Insert into ACTIVITIES (ACTIVITY_ID,EXERCISE_ID,REPS,WEIGHT,DURATION,WORKOUT_ID) values ('722','17','10','35',null,'225');
Insert into ACTIVITIES (ACTIVITY_ID,EXERCISE_ID,REPS,WEIGHT,DURATION,WORKOUT_ID) values ('723','17','10','35',null,'225');
Insert into ACTIVITIES (ACTIVITY_ID,EXERCISE_ID,REPS,WEIGHT,DURATION,WORKOUT_ID) values ('724','3','10','60',null,'225');
Insert into ACTIVITIES (ACTIVITY_ID,EXERCISE_ID,REPS,WEIGHT,DURATION,WORKOUT_ID) values ('725','8','15','45',null,'225');
Insert into ACTIVITIES (ACTIVITY_ID,EXERCISE_ID,REPS,WEIGHT,DURATION,WORKOUT_ID) values ('726','77','12','75',null,'226');
Insert into ACTIVITIES (ACTIVITY_ID,EXERCISE_ID,REPS,WEIGHT,DURATION,WORKOUT_ID) values ('727','77','12','75',null,'226');
Insert into ACTIVITIES (ACTIVITY_ID,EXERCISE_ID,REPS,WEIGHT,DURATION,WORKOUT_ID) values ('728','28','12','70',null,'226');
Insert into ACTIVITIES (ACTIVITY_ID,EXERCISE_ID,REPS,WEIGHT,DURATION,WORKOUT_ID) values ('729','22','12','20',null,'226');
Insert into ACTIVITIES (ACTIVITY_ID,EXERCISE_ID,REPS,WEIGHT,DURATION,WORKOUT_ID) values ('730','39','5','140',null,'227');
Insert into ACTIVITIES (ACTIVITY_ID,EXERCISE_ID,REPS,WEIGHT,DURATION,WORKOUT_ID) values ('731','39','5','140',null,'227');
Insert into ACTIVITIES (ACTIVITY_ID,EXERCISE_ID,REPS,WEIGHT,DURATION,WORKOUT_ID) values ('732','53','8','110',null,'227');
Insert into ACTIVITIES (ACTIVITY_ID,EXERCISE_ID,REPS,WEIGHT,DURATION,WORKOUT_ID) values ('733','46','20','70',null,'227');
Insert into ACTIVITIES (ACTIVITY_ID,EXERCISE_ID,REPS,WEIGHT,DURATION,WORKOUT_ID) values ('734','1','8','95',null,'228');
Insert into ACTIVITIES (ACTIVITY_ID,EXERCISE_ID,REPS,WEIGHT,DURATION,WORKOUT_ID) values ('735','1','8','95',null,'228');
Insert into ACTIVITIES (ACTIVITY_ID,EXERCISE_ID,REPS,WEIGHT,DURATION,WORKOUT_ID) values ('736','4','10','30',null,'228');
Insert into ACTIVITIES (ACTIVITY_ID,EXERCISE_ID,REPS,WEIGHT,DURATION,WORKOUT_ID) values ('737','8','12','50',null,'228');
Insert into ACTIVITIES (ACTIVITY_ID,EXERCISE_ID,REPS,WEIGHT,DURATION,WORKOUT_ID) values ('738','1','10','70',null,'229');
Insert into ACTIVITIES (ACTIVITY_ID,EXERCISE_ID,REPS,WEIGHT,DURATION,WORKOUT_ID) values ('739','1Read-only','10','70',null,'229');
Insert into ACTIVITIES (ACTIVITY_ID,EXERCISE_ID,REPS,WEIGHT,DURATION,WORKOUT_ID) values ('740','5','15','8',null,'229');
Insert into ACTIVITIES (ACTIVITY_ID,EXERCISE_ID,REPS,WEIGHT,DURATION,WORKOUT_ID) values ('741','10','15','10',null,'229');
Insert into ACTIVITIES (ACTIVITY_ID,EXERCISE_ID,REPS,WEIGHT,DURATION,WORKOUT_ID) values ('742','77','15','50',null,'230');
Insert into ACTIVITIES (ACTIVITY_ID,EXERCISE_ID,REPS,WEIGHT,DURATION,WORKOUT_ID) values ('743','77','15','50',null,'230');
Insert into ACTIVITIES (ACTIVITY_ID,EXERCISE_ID,REPS,WEIGHT,DURATION,WORKOUT_ID) values ('744','28','15','40',null,'230');
Insert into ACTIVITIES (ACTIVITY_ID,EXERCISE_ID,REPS,WEIGHT,DURATION,WORKOUT_ID) values ('745','22','15','12',null,'230');
Insert into ACTIVITIES (ACTIVITY_ID,EXERCISE_ID,REPS,WEIGHT,DURATION,WORKOUT_ID) values ('746','40','20','180',null,'231');
Insert into ACTIVITIES (ACTIVITY_ID,EXERCISE_ID,REPS,WEIGHT,DURATION,WORKOUT_ID) values ('747','40','20','180',null,'231');
Insert into ACTIVITIES (ACTIVITY_ID,EXERCISE_ID,REPS,WEIGHT,DURATION,WORKOUT_ID) values ('748','43','20','45',null,'231');
Insert into ACTIVITIES (ACTIVITY_ID,EXERCISE_ID,REPS,WEIGHT,DURATION,WORKOUT_ID) values ('749','44','20','45',null,'231');
Insert into ACTIVITIES (ACTIVITY_ID,EXERCISE_ID,REPS,WEIGHT,DURATION,WORKOUT_ID) values ('750','69','0','0',to_timestamp('25/01/01 00:30:00.000000000','RR/MM/DD HH24:MI:SS.FF'),'232');
Insert into ACTIVITIES (ACTIVITY_ID,EXERCISE_ID,REPS,WEIGHT,DURATION,WORKOUT_ID) values ('751','66','0','0',to_timestamp('25/01/01 00:05:00.000000000','RR/MM/DD HH24:MI:SS.FF'),'232');
Insert into ACTIVITIES (ACTIVITY_ID,EXERCISE_ID,REPS,WEIGHT,DURATION,WORKOUT_ID) values ('752','172','0','40',to_timestamp('25/01/01 00:01:00.000000000','RR/MM/DD HH24:MI:SS.FF'),'233');
Insert into ACTIVITIES (ACTIVITY_ID,EXERCISE_ID,REPS,WEIGHT,DURATION,WORKOUT_ID) values ('753','172','0','40',to_timestamp('25/01/01 00:01:00.000000000','RR/MM/DD HH24:MI:SS.FF'),'233');
Insert into ACTIVITIES (ACTIVITY_ID,EXERCISE_ID,REPS,WEIGHT,DURATION,WORKOUT_ID) values ('754','172','0','40',to_timestamp('25/01/01 00:01:00.000000000','RR/MM/DD HH24:MI:SS.FF'),'233');
Insert into ACTIVITIES (ACTIVITY_ID,EXERCISE_ID,REPS,WEIGHT,DURATION,WORKOUT_ID) values ('755','56','15','50',null,'233');
Insert into ACTIVITIES (ACTIVITY_ID,EXERCISE_ID,REPS,WEIGHT,DURATION,WORKOUT_ID) values ('756','73','0','0',to_timestamp('25/01/01 00:20:00.000000000','RR/MM/DD HH24:MI:SS.FF'),'234');
Insert into ACTIVITIES (ACTIVITY_ID,EXERCISE_ID,REPS,WEIGHT,DURATION,WORKOUT_ID) values ('757','67','20','0',null,'234');
Insert into ACTIVITIES (ACTIVITY_ID,EXERCISE_ID,REPS,WEIGHT,DURATION,WORKOUT_ID) values ('759','168','0','0',to_timestamp('25/0s1/01 00:45:00.000000000','RR/MM/DD HH24:MI:SS.FF'),'235');
Insert into ACTIVITIES (ACTIVITY_ID,EXERCISE_ID,REPS,WEIGHT,DURATION,WORKOUT_ID) values ('761','1','10','85',null,'236');
Insert into ACTIVITIES (ACTIVITY_ID,EXERCISE_ID,REPS,WEIGHT,DURATION,WORKOUT_ID) values ('762','39','10','110',null,'236');
Insert into ACTIVITIES (ACTIVITY_ID,EXERCISE_ID,REPS,WEIGHT,DURATION,WORKOUT_ID) values ('763','29','10','0',null,'236');
Insert into ACTIVITIES (ACTIVITY_ID,EXERCISE_ID,REPS,WEIGHT,DURATION,WORKOUT_ID) values ('764','4','10','25',null,'236');
Insert into ACTIVITIES (ACTIVITY_ID,EXERCISE_ID,REPS,WEIGHT,DURATION,WORKOUT_ID) values ('765','21','15','30',null,'237');
Insert into ACTIVITIES (ACTIVITY_ID,EXERCISE_ID,REPS,WEIGHT,DURATION,WORKOUT_ID) values ('766','8','15','40',null,'237');
Insert into ACTIVITIES (ACTIVITY_ID,EXERCISE_ID,REPS,WEIGHT,DURATION,WORKOUT_ID) values ('767','21','15','30',null,'237');
Insert into ACTIVITIES (ACTIVITY_ID,EXERCISE_ID,REPS,WEIGHT,DURATION,WORKOUT_ID) values ('768','8','15','40',null,'237');
Insert into ACTIVITIES (ACTIVITY_ID,EXERCISE_ID,REPS,WEIGHT,DURATION,WORKOUT_ID) values ('769','70','0','0',to_timestamp('25/01/01 00:45:00.000000000','RR/MM/DD HH24:MI:SS.FF'),'238');
Insert into ACTIVITIES (ACTIVITY_ID,EXERCISE_ID,REPS,WEIGHT,DURATION,WORKOUT_ID) values ('770','52','5','140',null,'239');
Insert into ACTIVITIES (ACTIVITY_ID,EXERCISE_ID,REPS,WEIGHT,DURATION,WORKOUT_ID) values ('771','1','8','90',null,'239');
Insert into ACTIVITIES (ACTIVITY_ID,EXERCISE_ID,REPS,WEIGHT,DURATION,WORKOUT_ID) values ('772','3','8','60',null,'239');
Insert into ACTIVITIES (ACTIVITY_ID,EXERCISE_ID,REPS,WEIGHT,DURATION,WORKOUT_ID) values ('773','29','8','10',null,'239');

Insert into TOKEN (EMAIL,VERIFICATION_TOKEN,RESET_TOKEN,RESET_EXPIRY) values ('siemionek.kacper22@gmail.com',null,null,null);
Insert into TOKEN (EMAIL,VERIFICATION_TOKEN,RESET_TOKEN,RESET_EXPIRY) values ('milosz@vveb.name',null,null,null);
Insert into TOKEN (EMAIL,VERIFICATION_TOKEN,RESET_TOKEN,RESET_EXPIRY) values ('mandryszczuk2005@gmail.com',null,null,null);
Insert into TOKEN (EMAIL,VERIFICATION_TOKEN,RESET_TOKEN,RESET_EXPIRY) values ('michalpedziwiatrr@gmail.com',null,null,null);

Insert into FRIENDSHIPS (ID,FRIEND1_USERNAME,FRIEND2_USERNAME,CREATED_AT) values ('60','milosz','skuter',to_timestamp('25/01/16 19:13:12.521963000','RR/MM/DD HH24:MI:SS.FF'));
Insert into FRIENDSHIPS (ID,FRIEND1_USERNAME,FRIEND2_USERNAME,CREATED_AT) values ('51','pedziwiatr','milosz',to_timestamp('25/01/16 14:24:40.000000000','RR/MM/DD HH24:MI:SS.FF'));
Insert into FRIENDSHIPS (ID,FRIEND1_USERNAME,FRIEND2_USERNAME,CREATED_AT) values ('52','pedziwiatr','skuter',to_timestamp('25/01/16 14:29:40.000000000','RR/MM/DD HH24:MI:SS.FF'));

Insert into POSTS (AUTHOR_USERNAME,POST_DATE,TITLE,WORKOUT_ID,CONTENT) values ('milosz',to_timestamp('25/01/16 19:13:38.958759000','RR/MM/DD HH24:MI:SS.FF'),'My workout','68','legs :(');
Insert into POSTS (AUTHOR_USERNAME,POST_DATE,TITLE,WORKOUT_ID,CONTENT) values ('skuter',to_timestamp('25/01/16 17:28:42.306883000','RR/MM/DD HH24:MI:SS.FF'),'Less goo','72','Not bad but could be better');
Insert into POSTS (AUTHOR_USERNAME,POST_DATE,TITLE,WORKOUT_ID,CONTENT) values ('mandrysz',to_timestamp('25/01/19 16:09:58.668659000','RR/MM/DD HH24:MI:SS.FF'),'Trening elo','98','pozdro');
Insert into POSTS (AUTHOR_USERNAME,POST_DATE,TITLE,WORKOUT_ID,CONTENT) values ('pedziwiatr',to_timestamp('14/01/03 21:16:06.000000000','RR/MM/DD HH24:MI:SS.FF'),'Trening pleców','6','przetrenowane plecki pyk pyk cyk myk pyk');
Insert into POSTS (AUTHOR_USERNAME,POST_DATE,TITLE,WORKOUT_ID,CONTENT) values ('milosz',to_timestamp('25/01/16 05:17:07.414611000','RR/MM/DD HH24:MI:SS.FF'),'Pierwszy trening','48','pozdro');

Insert into POSTS (AUTHOR_USERNAME,POST_DATE,TITLE,WORKOUT_ID,CONTENT) values ('pedziwiatr',to_timestamp('24/12/09 19:05:00.000000000','RR/MM/DD HH24:MI:SS.FF'),'Shoulder Power Day Completed','108','The shoulder press felt strong today. Finally managed to lift heavy with good form.');
Insert into POSTS (AUTHOR_USERNAME,POST_DATE,TITLE,WORKOUT_ID,CONTENT) values ('pedziwiatr',to_timestamp('24/12/13 16:35:00.000000000','RR/MM/DD HH24:MI:SS.FF'),'Volume on Leg Press Burned!','110','High rep set on leg press at 220kg. Legs are shaking, definitely focused on volume today.');
Insert into POSTS (AUTHOR_USERNAME,POST_DATE,TITLE,WORKOUT_ID,CONTENT) values ('pedziwiatr',to_timestamp('25/01/07 19:40:00.000000000','RR/MM/DD HH24:MI:SS.FF'),'Heavy Bench Session 105x5','112','Working in the strength block. Managed 105kg for 5 reps, getting close to that 120kg goal. Dips were solid.');
Insert into POSTS (AUTHOR_USERNAME,POST_DATE,TITLE,WORKOUT_ID,CONTENT) values ('pedziwiatr',to_timestamp('25/01/13 18:35:00.000000000','RR/MM/DD HH24:MI:SS.FF'),'Max Reps Day - Chest Endurance','115','Pushed my limits on 95kg bench press today. Great chest endurance work before the planned deload week.');
Insert into POSTS (AUTHOR_USERNAME,POST_DATE,TITLE,WORKOUT_ID,CONTENT) values ('pedziwiatr',to_timestamp('25/01/23 17:05:00.000000000','RR/MM/DD HH24:MI:SS.FF'),'NEW SQUAT PR: 160 KG!','120','After a deload week, I felt fantastic. Hit a new personal best on the barbell squat! The grind is real. 💪');

Insert into POSTS (AUTHOR_USERNAME,POST_DATE,TITLE,WORKOUT_ID,CONTENT) values ('pedziwiatr',to_timestamp('25/01/18 12:35:00.000000000','RR/MM/DD HH24:MI:SS.FF'),'NEW CHEST PR - 120 KG!','125','Finally hit a new record on the bench press. Hard work pays off.');

Insert into POST_REACTIONS (POST_ID,AUTHOR_USERNAME) values ('4','skuter');
Insert into POST_REACTIONS (POST_ID,AUTHOR_USERNAME) values ('4','milosz');
Insert into POST_REACTIONS (POST_ID,AUTHOR_USERNAME) values ('5','pedziwiatr');
Insert into POST_REACTIONS (POST_ID,AUTHOR_USERNAME) values ('2','skuter');

Insert into POST_COMMENTS (POST_ID, AUTHOR_USERNAME, CONTENT, POST_COMMENT_DATE) VALUES ('1', 'pedziwiatr', 'Niezła robota brachu', TIMESTAMP '2025-01-22 19:33:21.000000');
Insert into POST_COMMENTS (POST_ID, AUTHOR_USERNAME, CONTENT, POST_COMMENT_DATE) VALUES ('1', 'skuter', 'Haha jeszcze troche podbij ciężaru i będzie jak moja rozgrzewka', TIMESTAMP '2025-01-22 18:49:31.843426');
Insert into POST_COMMENTS (POST_ID, AUTHOR_USERNAME, CONTENT, POST_COMMENT_DATE) VALUES ('2', 'pedziwiatr', 'No i na co ci to? 100kg bierze a opony nawet nie potrafi wymienić. Od dobrobytu się w głowie poprzewracało!!!', TIMESTAMP '2025-01-22 18:49:31.850721');
Insert into POST_COMMENTS (POST_ID, AUTHOR_USERNAME, CONTENT, POST_COMMENT_DATE) VALUES ('2', 'mandrysz', 'Graty', TIMESTAMP '2025-01-22 18:49:31.858182');
Insert into POST_COMMENTS (POST_ID, AUTHOR_USERNAME, CONTENT, POST_COMMENT_DATE) VALUES ('3', 'milosz', 'Jest ok ', TIMESTAMP '2025-01-10 18:49:31.866001');
Insert into POST_COMMENTS (POST_ID, AUTHOR_USERNAME, CONTENT, POST_COMMENT_DATE) VALUES ('3', 'pedziwiatr', 'Kto pl pisze 123', TIMESTAMP '2025-01-22 18:50:24.404032');
Insert into POST_COMMENTS (POST_ID, AUTHOR_USERNAME, CONTENT, POST_COMMENT_DATE) VALUES ('3', 'skuter', '123', TIMESTAMP '2025-01-22 18:49:31.882454');
Insert into POST_COMMENTS (POST_ID, AUTHOR_USERNAME, CONTENT, POST_COMMENT_DATE) VALUES ('4', 'mandrysz', 'Moze byc', TIMESTAMP '2025-01-22 18:49:31.893948');
Insert into POST_COMMENTS (POST_ID, AUTHOR_USERNAME, CONTENT, POST_COMMENT_DATE) VALUES ('4', 'skuter', 'Super ci poszlo pozdrawiam', TIMESTAMP '2025-01-22 18:49:31.901964');
Insert into POST_COMMENTS (POST_ID, AUTHOR_USERNAME, CONTENT, POST_COMMENT_DATE) VALUES ('4', 'milosz', 'Ale syf', TIMESTAMP '2024-02-22 18:49:31.910000');
Insert into POST_COMMENTS (POST_ID, AUTHOR_USERNAME, CONTENT, POST_COMMENT_DATE) VALUES ('5', 'pedziwiatr', ':)', TIMESTAMP '2025-01-22 18:49:31.917941');
Insert into POST_COMMENTS (POST_ID, AUTHOR_USERNAME, CONTENT, POST_COMMENT_DATE) VALUES ('5', 'skuter', 'Wbijajcie na moj kanal nazwa xXSkuter2013Xx', TIMESTAMP '2024-01-22 18:49:31.925873');
Insert into POST_COMMENTS (POST_ID, AUTHOR_USERNAME, CONTENT, POST_COMMENT_DATE) VALUES ('5', 'mandrysz', 'Pozdrawiam', TIMESTAMP '2025-01-20 18:49:31.933907');